date,product_id,sales,price,category,temperature,sales_prediction
2024-08-15,346,7,464169,Chaqueta,24.2,4.780176551257179
2024-12-14,321,6,423664,Gorra,33.4,6.055240864145805
2024-09-21,483,9,319685,Poncho,40.0,4.928241604813111
2024-11-25,39,9,137491,Gabardina,28.1,6.079472531932045
2024-06-28,9,10,76671,Paraguas,15.0,6.110889800110642
2024-04-15,69,8,459192,Paraguas,28.6,4.185106166472064
2024-02-11,377,7,62218,Chubasquero,25.8,5.563466704024589
2024-08-15,101,3,168288,Poncho,24.5,4.941146786242015
2024-10-20,10,1,122726,Chaqueta,30.5,4.449399910362516
2024-10-16,112,6,61304,Guantes,20.6,5.957882760194018
2024-05-01,297,10,113706,Botas,24.4,5.599345687983966
2024-08-30,161,5,218710,Chubasquero,32.1,4.638270481274138
2024-07-30,101,4,168288,Poncho,40.7,4.72259485938823
2024-05-05,416,6,252336,Mochila,18.1,6.062838917155194
2024-10-26,97,6,213651,Bolsa,24.1,5.272182909239181
2024-12-01,301,9,397456,Bolsa,37.5,4.743964441444788
2024-06-26,159,8,212806,Gorra,29.5,4.780398143074791
2024-05-29,317,2,107751,Pantalones,36.1,4.1468798198720265
2024-10-16,257,6,319734,Chaqueta,9.7,7.334562516071611
2024-09-11,162,10,308963,Bolsa,23.6,5.200642207112547
2024-09-12,14,1,370535,Chubasquero,18.4,4.8326564438729305
2024-07-01,394,6,347792,Polainas,33.8,4.225451600968329
2024-11-14,103,3,72780,Botas,23.5,6.112940639435431
2024-11-14,60,4,174656,Polainas,19.0,5.616800090390994
2024-03-16,200,4,98171,Paraguas,26.4,4.320822882614127
2024-10-01,370,3,282126,Polainas,23.5,5.78195539160702
2024-10-03,316,9,172811,Chaqueta,18.4,4.928826697004896
2024-10-01,399,4,466595,Mochila,31.0,4.758155932078621
2024-05-06,6,3,287047,Polainas,30.1,5.9227284297510865
2024-03-20,437,1,319605,Chaqueta,21.4,6.489168862353409
2024-02-04,273,9,352025,Paraguas,36.4,5.378364480785223
2024-08-28,259,4,497191,Bolsa,26.6,5.873902092860008
2024-07-02,341,7,76166,Poncho,35.7,6.318492762328097
2024-10-23,283,6,277152,Gorra,19.5,6.8366251159899925
2024-06-27,18,8,318702,Calcetines,20.6,5.903554689434358
2024-11-16,378,2,485131,Paraguas,34.3,7.063804911753229
2024-01-27,163,4,287431,Poncho,35.0,5.854130093856961
2024-04-20,157,6,246459,Poncho,25.8,4.653410874260717
2024-10-31,21,3,276159,Botas,29.6,6.658885510007102
2024-10-16,310,1,261982,Gorra,9.7,5.316041582114638
2024-09-30,360,10,337113,Mochila,23.2,6.479936204616601
2024-07-29,48,4,408117,Pantalones,28.5,4.780162364120612
2024-10-13,464,1,111534,Bolsa,33.3,5.714024826686858
2024-10-07,170,10,362012,Poncho,21.8,6.203593811924725
2024-08-29,402,2,229100,Poncho,27.2,7.016402914885504
2024-10-29,96,2,314860,Paraguas,32.2,5.579814340013676
2024-08-10,56,6,479057,Paraguas,18.4,5.121947063675744
2024-04-07,6,6,287047,Polainas,18.4,6.0079027357197505
2024-06-03,356,5,496861,Gabardina,18.4,6.035016383928731
2024-08-18,197,6,195650,Gabardina,28.1,5.006182168784141
2024-09-11,383,3,222485,Gabardina,33.7,4.932139066632251
2024-06-19,22,2,316078,Polainas,18.1,6.680985213875526
2024-12-23,283,5,277152,Gorra,15.6,6.963470989932695
2024-06-29,207,3,290653,Bolsa,31.9,5.854711553445291
2024-10-07,273,8,352025,Paraguas,27.8,5.809544262227821
2024-08-15,199,2,368645,Gorra,34.4,4.40994429831059
2024-07-10,73,7,434687,Gorra,18.4,7.304681480098465
2024-05-01,296,8,473520,Bolsa,28.0,6.814386884895876
2024-04-22,134,8,381842,Guantes,44.2,5.282557371050168
2024-09-16,372,7,437132,Poncho,31.1,6.993428608191383
2024-06-05,381,2,415279,Guantes,25.6,5.889273989011368
2024-05-14,268,6,128959,Polainas,29.5,6.589023581955946
2024-01-24,206,6,310416,Polainas,29.7,6.268692437032716
2024-11-28,349,2,76841,Chaqueta,31.9,4.997086584503331
2024-10-10,493,6,256160,Chubasquero,33.7,6.667950837476323
2024-03-21,356,3,496861,Gabardina,34.6,5.732074938257962
2024-03-24,185,5,161623,Paraguas,29.3,6.208267521121714
2024-06-01,208,5,164720,Calcetines,16.8,6.250721785791593
2024-03-03,133,3,56127,Polainas,31.9,5.473162864969825
2024-09-29,337,10,492178,Bolsa,30.7,5.604038828083116
2024-08-26,382,3,296625,Polainas,34.1,6.587980603619453
2024-06-01,267,8,306733,Guantes,23.1,5.610813533986142
2024-08-05,3,8,193818,Paraguas,13.8,7.470634816030204
2024-04-11,457,9,480392,Calcetines,18.4,6.942826561171078
2024-01-02,485,5,284244,Chubasquero,25.0,4.608686212113968
2024-10-17,430,5,317885,Polainas,28.0,6.186308882515903
2024-09-08,110,7,374303,Gabardina,18.1,4.901182215499533
2024-09-27,26,4,282670,Bolsa,21.5,5.588691408522736
2024-10-01,42,9,114934,Guantes,18.4,4.448398679947869
2024-09-04,108,9,467844,Poncho,34.4,5.397709305074148
2024-08-05,51,3,97184,Chaqueta,27.9,4.849567174301913
2024-06-29,470,8,204567,Mochila,23.2,5.731095629782585
2024-08-02,399,1,466595,Mochila,33.5,4.646550801001561
2024-03-15,71,8,209216,Chaqueta,30.4,5.647124378947862
2024-08-31,242,10,171294,Pantalones,30.3,5.670115902439324
2024-01-15,430,6,317885,Polainas,39.7,5.679186982462319
2024-11-21,14,6,370535,Chubasquero,24.0,4.856082991227344
2024-07-01,115,3,310460,Poncho,33.8,5.87081545291645
2024-02-28,57,8,57649,Gorra,31.5,4.526790460199941
2024-06-21,351,1,246104,Gorra,24.0,4.0559349705239605
2024-04-05,405,2,470171,Chaqueta,35.5,5.913189457074334
2024-05-18,135,7,194060,Bolsa,24.0,6.631126395796617
2024-01-10,403,7,379128,Gorra,25.2,4.5138314466552
2024-11-21,415,3,311427,Chaqueta,32.1,5.432873720237296
2024-04-12,28,5,99745,Paraguas,25.1,5.3181071754966265
2024-11-12,240,2,190636,Gorra,22.1,2.787681375850654
2024-01-05,62,7,394303,Poncho,35.2,6.806498326647043
2024-07-01,479,7,360650,Calcetines,23.5,6.978576212890749
2024-06-24,361,8,426688,Gabardina,18.4,7.041876414165629
2024-04-10,362,5,129628,Bolsa,18.4,5.093606957017041
2024-09-16,72,4,271589,Gabardina,31.8,6.40420150381679
2024-12-31,318,2,285981,Bolsa,34.1,5.749898361017801
2024-08-25,75,8,257198,Bolsa,30.6,5.63341516042075
2024-06-16,312,10,229485,Poncho,19.4,5.784835983561799
2024-08-29,296,8,473520,Bolsa,27.2,6.949680159044577
2024-04-19,243,2,215124,Chubasquero,26.7,5.269192559617077
2024-03-06,173,3,307499,Mochila,29.9,4.618335049379941
2024-07-21,414,9,162304,Mochila,18.4,6.753367376673797
2024-12-17,324,10,307641,Guantes,18.4,7.213867533105524
2024-12-30,476,7,228029,Calcetines,25.5,7.421627401788816
2024-04-05,52,10,126299,Pantalones,35.5,5.428116874439572
2024-04-17,234,4,384749,Pantalones,33.5,5.219216736155821
2024-01-06,77,4,372890,Gorra,18.4,6.009386415941419
2024-05-01,463,9,58758,Poncho,24.4,4.771574437456007
2024-11-11,174,5,256369,Botas,30.8,4.583773597914501
2024-09-16,207,5,290653,Bolsa,31.8,5.982384456161171
2024-11-07,85,10,255970,Polainas,32.0,5.453081483479899
2024-01-22,13,9,215067,Poncho,20.8,5.681543828364006
2024-08-25,158,10,296156,Guantes,33.9,4.642029167384511
2024-11-17,492,5,483182,Chubasquero,20.9,5.306272603326677
2024-10-18,162,7,308963,Bolsa,29.7,5.176430872606453
2024-05-18,121,1,424069,Guantes,40.5,3.7855355678618805
2024-12-10,483,1,319685,Poncho,22.0,5.250778291311135
2024-05-14,53,6,191922,Chaqueta,29.5,6.8749292735307215
2024-06-23,60,7,174656,Polainas,18.4,5.412358040290952
2024-03-12,339,1,105632,Botas,30.7,5.889581760364497
2024-07-10,467,3,236953,Poncho,32.9,4.67357638642773
2024-05-12,267,3,306733,Guantes,23.3,5.566441525596844
2024-09-21,149,6,339029,Botas,34.6,5.461691276933741
2024-07-06,116,6,103622,Guantes,27.5,4.677569634105475
2024-02-11,161,2,218710,Chubasquero,29.0,4.418849284025681
2024-11-25,215,4,143196,Gorra,30.9,4.636174409567863
2024-10-03,339,10,105632,Botas,18.4,6.318845888543516
2024-11-11,412,1,82995,Pantalones,30.8,5.086177237575232
2024-11-08,424,1,126153,Botas,33.0,5.539617857932068
2024-10-23,219,8,382934,Botas,16.2,6.065548379964947
2024-06-07,5,10,301554,Chaqueta,18.3,6.243048827385628
2024-12-11,87,9,239307,Botas,20.9,4.374005350133858
2024-05-20,399,7,466595,Mochila,32.1,4.535207265641727
2024-05-24,421,2,490217,Chubasquero,27.7,5.295760636664629
2024-06-02,121,1,424069,Guantes,18.4,4.068316339649446
2024-08-05,283,10,277152,Gorra,38.5,6.54539694399643
2024-01-30,274,5,494185,Gorra,27.2,4.490120029645672
2024-07-13,12,10,458547,Bolsa,22.8,6.048021974907066
2024-03-11,182,5,106363,Botas,25.2,7.078353315193459
2024-06-02,332,9,73147,Paraguas,35.4,5.7305542158127665
2024-12-03,52,10,126299,Pantalones,31.5,5.809219929323629
2024-05-23,231,5,185289,Guantes,18.4,4.839021696390754
2024-11-24,88,1,179134,Polainas,44.3,5.709907807494096
2024-12-21,99,1,273777,Mochila,26.2,5.831416936855396
2024-09-02,434,6,319770,Bolsa,27.8,5.176988857559658
2024-11-23,22,5,316078,Polainas,31.5,6.746083329203978
2024-06-22,41,7,210951,Poncho,30.8,5.97807581023339
2024-10-26,438,4,452584,Chubasquero,31.4,6.933992283150488
2024-09-20,310,4,261982,Gorra,35.9,4.9886272062205474
2024-07-01,235,4,377399,Mochila,33.8,5.011550072835565
2024-10-14,473,4,414790,Poncho,25.8,7.01966983650653
2024-05-25,130,2,490694,Polainas,26.1,6.062182757516158
2024-06-06,162,3,308963,Bolsa,18.4,5.130666402388029
2024-10-04,353,3,252323,Mochila,21.8,5.016939115627112
2024-06-05,312,1,229485,Poncho,25.6,5.7173412651568105
2024-02-29,250,8,343087,Pantalones,30.1,5.932347852924751
2024-01-17,51,2,97184,Chaqueta,25.8,4.577064972740933
2024-05-18,96,8,314860,Paraguas,24.3,5.454841877713056
2024-10-27,175,8,414612,Chaqueta,24.0,7.1190633067029925
2024-01-25,409,4,86442,Polainas,23.6,6.033100072334024
2024-02-26,495,8,339858,Polainas,20.2,6.0431295442698145
2024-12-25,195,7,127690,Poncho,32.4,6.042636605956194
2024-09-10,16,9,130842,Bolsa,29.3,4.874534029905313
2024-11-29,444,9,210050,Paraguas,22.2,5.634286761995563
2024-11-24,317,5,107751,Pantalones,26.1,4.508910825363284
2024-12-29,145,5,411421,Paraguas,23.6,5.117097908292855
2024-04-24,355,1,246672,Polainas,30.7,4.266392448458144
2024-04-05,180,3,339072,Polainas,35.5,3.952615354925496
2024-01-27,42,3,114934,Guantes,34.5,3.8933773023165505
2024-06-19,162,5,308963,Bolsa,18.4,5.130666402388029
2024-05-16,161,2,218710,Chubasquero,35.0,4.480116092826973
2024-11-21,235,7,377399,Mochila,9.8,5.441598988166264
2024-06-15,149,4,339029,Botas,23.0,5.461387439595018
2024-04-20,205,3,173280,Calcetines,34.9,5.207728297976824
2024-05-17,476,8,228029,Calcetines,31.1,7.065301114466802
2024-04-25,122,1,95006,Botas,25.3,4.768613730162889
2024-07-16,41,4,210951,Poncho,31.6,6.011561573718658
2024-04-27,170,6,362012,Poncho,25.0,5.915589271780876
2024-01-22,5,8,301554,Chaqueta,25.1,5.958048564995761
2024-10-14,174,5,256369,Botas,18.4,4.6765682753159865
2024-09-10,135,8,194060,Bolsa,23.4,6.8064371803730035
2024-06-27,60,4,174656,Polainas,30.8,5.277368603480975
2024-01-17,57,5,57649,Gorra,27.3,4.530317929388378
2024-11-26,212,2,306060,Bolsa,29.8,5.749033208421663
2024-07-12,80,6,476903,Chubasquero,24.6,4.877362326300643
2024-10-04,405,8,470171,Chaqueta,21.8,6.315499568710503
2024-01-07,163,5,287431,Poncho,33.7,5.8682822122322005
2024-06-15,362,6,129628,Bolsa,23.0,5.127919749275485
2024-11-14,277,1,406051,Guantes,19.0,5.83930870755715
2024-04-20,499,9,167413,Polainas,34.9,5.771305851384328
2024-06-02,275,7,472543,Bolsa,35.4,4.191824610199262
2024-10-08,304,8,360789,Chaqueta,24.1,5.760286582789255
2024-06-04,346,8,464169,Chaqueta,33.9,4.5901904568711
2024-12-01,228,5,295853,Poncho,24.1,4.4800717489789
2024-07-25,143,4,469325,Gorra,30.3,5.6237233453936035
2024-08-29,211,2,369547,Pantalones,27.2,3.6738720608507554
2024-09-13,408,1,142726,Guantes,21.9,5.003573962118112
2024-05-01,393,5,59077,Guantes,18.4,6.112329663727605
2024-03-14,86,8,321072,Gorra,27.6,6.007767967944265
2024-04-30,80,5,476903,Chubasquero,31.5,4.675662958237357
2024-06-29,343,5,144401,Poncho,31.9,4.578449617103347
2024-02-20,276,5,128382,Calcetines,18.6,4.39436637258466
2024-03-27,318,10,285981,Bolsa,26.4,5.453969612102408
2024-12-21,432,6,67053,Chubasquero,26.2,5.109279548573468
2024-08-30,161,3,218710,Chubasquero,32.2,4.6371818567837355
2024-04-25,47,5,271462,Pantalones,25.3,5.605583730191485
2024-05-07,246,4,319984,Poncho,18.4,4.994523834882175
2024-09-27,91,3,428661,Guantes,21.5,6.2540890359392
2024-11-05,101,3,168288,Poncho,42.4,4.872867280685346
2024-02-03,27,6,371708,Bolsa,33.0,4.603660626768059
2024-03-12,313,10,93779,Gorra,18.4,6.535234963888397
2024-08-30,483,5,319685,Poncho,32.2,4.970959555656056
2024-08-24,323,5,163371,Botas,37.0,5.851812673698769
2024-10-18,201,7,360184,Calcetines,32.8,4.767609194531739
2024-04-28,25,8,383860,Gorra,29.9,3.4717929415997033
2024-04-29,47,7,271462,Pantalones,22.3,5.638242464903576
2024-03-07,51,1,97184,Chaqueta,22.8,4.694113226270009
2024-06-13,219,2,382934,Botas,28.4,5.763957154501808
2024-01-05,36,2,355755,Paraguas,35.2,6.006654222271896
2024-05-18,179,7,166568,Poncho,18.4,5.873791059390005
2024-09-23,418,4,146548,Pantalones,30.8,6.263672514884697
2024-02-25,29,6,357303,Polainas,36.3,6.226238578008028
2024-11-01,99,7,273777,Mochila,32.7,5.718461585570705
2024-02-29,323,9,163371,Botas,30.1,5.673759207085626
2024-01-10,203,8,178310,Poncho,25.2,5.627780177965441
2024-12-18,410,5,491523,Calcetines,26.3,7.12334228565692
2024-01-15,85,7,255970,Polainas,39.7,4.947309803633945
2024-04-01,458,3,403692,Paraguas,27.6,5.91407088363526
2024-07-13,72,8,271589,Gabardina,31.7,6.320900609490209
2024-07-16,84,4,275502,Chaqueta,31.6,6.610548088228835
2024-01-29,75,5,257198,Bolsa,26.0,5.388128571119846
2024-06-17,455,3,172973,Bolsa,31.3,6.842631206736477
2024-02-20,398,10,190694,Bolsa,23.2,6.2123327119597604
2024-09-22,213,7,312319,Poncho,28.8,4.605095997567285
2024-01-20,468,9,331432,Poncho,30.4,3.937633553899055
2024-03-23,208,6,164720,Calcetines,18.6,6.104542266738862
2024-09-02,133,7,56127,Polainas,18.4,5.873295727625188
2024-08-15,306,5,382028,Paraguas,24.5,5.743484357226172
2024-01-24,462,3,381836,Gorra,29.5,6.688383449518198
2024-02-04,397,1,369443,Gorra,27.8,5.084094297346885
2024-06-19,185,4,161623,Paraguas,18.4,6.4535118688011215
2024-09-19,483,9,319685,Poncho,31.4,5.021863310987772
2024-09-17,203,9,178310,Poncho,33.5,5.874982420529925
2024-03-30,132,10,159474,Chubasquero,34.9,5.859074149494851
2024-11-04,217,9,97463,Botas,30.0,4.469262929905724
2024-02-17,42,1,114934,Guantes,35.2,3.927951690292221
2024-04-29,275,4,472543,Bolsa,22.3,4.2500448996250775
2024-08-24,249,4,499237,Mochila,21.8,5.151119943229944
2024-12-25,278,7,195023,Polainas,32.4,6.218174464417446
2024-02-29,45,4,480014,Polainas,30.4,3.939267800631184
2024-07-12,152,9,321173,Polainas,21.5,6.951054933426358
2024-02-23,468,1,331432,Poncho,26.4,4.023373292923669
2024-08-02,328,10,142005,Pantalones,39.1,5.9012986385753905
2024-10-24,288,2,268109,Bolsa,27.5,6.783784141471285
2024-05-16,141,8,357426,Chaqueta,35.0,5.850173486896165
2024-01-23,85,4,255970,Polainas,18.4,5.179186820089793
2024-10-26,37,9,223563,Chubasquero,18.4,7.436993510878945
2024-02-23,253,5,467307,Paraguas,18.1,4.471752578973286
2024-04-05,83,8,250971,Chubasquero,15.0,7.192112098469372
2024-07-28,309,5,409116,Chubasquero,27.0,5.0518992863814685
2024-07-20,113,4,262224,Gorra,29.3,4.821055023748668
2024-02-18,256,1,230150,Bolsa,26.8,4.916976615089899
2024-03-16,400,9,278481,Gorra,30.1,5.189069321499785
2024-04-22,241,6,219268,Botas,17.0,5.832450784632538
2024-05-15,279,9,262617,Pantalones,26.0,4.676890337145695
2024-02-04,378,5,485131,Paraguas,30.4,6.72650843220252
2024-08-31,470,1,204567,Mochila,18.4,5.8677391241389145
2024-12-19,221,2,269822,Calcetines,32.1,5.111168455563
2024-06-17,452,7,499652,Chaqueta,27.5,4.134256088167701
2024-04-24,463,8,58758,Poncho,22.8,4.746797669893963
2024-08-22,465,2,452648,Pantalones,27.4,4.539834405521606
2024-07-27,338,8,318885,Gorra,22.0,4.129333160808865
2024-04-09,129,5,325907,Gorra,18.4,5.588676299821067
2024-10-14,33,1,339243,Bolsa,33.8,3.8668634346553166
2024-05-27,394,2,347792,Polainas,32.1,4.159568698488196
2024-04-10,58,1,348433,Chubasquero,29.9,4.014350624831456
2024-07-19,497,2,352625,Mochila,18.4,5.507595206192522
2024-03-09,268,8,128959,Polainas,20.1,6.606964765236848
2024-12-24,439,8,388659,Paraguas,29.5,3.8123954644844327
2024-11-08,167,7,134958,Chubasquero,22.6,6.209429676154531
2024-06-10,332,6,73147,Paraguas,24.1,5.853568783228311
2024-09-06,85,5,255970,Polainas,31.2,5.377400960586139
2024-05-31,208,3,164720,Calcetines,18.4,6.191109034536652
2024-07-24,94,3,437964,Chubasquero,25.8,5.8674697378570535
2024-02-18,283,10,277152,Gorra,19.2,6.502332914193266
2024-03-09,273,4,352025,Paraguas,23.2,5.564257672926917
2024-12-30,410,10,491523,Calcetines,25.5,7.132051281580145
2024-06-27,125,6,131203,Chubasquero,30.8,6.859476871989717
2024-01-29,108,5,467844,Poncho,36.1,5.04164461346936
2024-11-21,384,2,69258,Gabardina,9.8,5.318538362136611
2024-03-03,130,3,490694,Polainas,42.2,5.8025246957442835
2024-02-03,146,10,423897,Gabardina,33.0,5.30861345190945
2024-12-26,388,9,403714,Chubasquero,35.0,6.885702263686021
2024-12-14,165,3,358876,Polainas,34.7,5.529512235006881
2024-09-06,195,6,127690,Poncho,31.2,5.929115821615554
2024-08-01,66,2,425892,Bolsa,32.2,5.032905992254687
2024-02-11,289,4,199475,Gorra,25.8,4.461042351089622
2024-08-14,81,10,402325,Mochila,22.9,6.104475817782312
2024-09-16,398,9,190694,Bolsa,21.6,6.525114019665653
2024-04-12,159,7,212806,Gorra,27.9,4.713426616104256
2024-01-05,401,10,55889,Guantes,35.2,4.804263333559217
2024-10-04,90,6,494616,Chubasquero,33.5,6.1936541002880015
2024-03-07,229,1,469120,Gorra,32.4,5.250394276412471
2024-02-15,387,7,409516,Chaqueta,34.5,3.502501581436232
2024-02-20,402,6,229100,Poncho,23.2,6.806779338050674
2024-07-29,215,3,143196,Gorra,22.8,4.555573955656542
2024-05-03,325,4,133489,Calcetines,23.9,5.797078870652874
2024-06-24,482,9,343098,Paraguas,18.4,7.235583327596318
2024-10-16,306,9,382028,Paraguas,28.0,5.78977201887905
2024-03-29,8,2,192608,Polainas,26.7,6.820833973402608
2024-06-16,418,8,146548,Pantalones,29.8,6.147974481563252
2024-07-27,279,2,262617,Pantalones,14.7,4.884294423378222
2024-11-09,112,8,61304,Guantes,30.6,5.891215070562205
2024-11-12,126,3,77758,Gabardina,22.1,7.307823421549449
2024-12-14,394,2,347792,Polainas,34.7,4.426627777597162
2024-01-04,66,4,425892,Bolsa,32.9,4.729922304962422
2024-01-06,39,10,137491,Gabardina,18.4,5.763121513416221
2024-05-30,179,1,166568,Poncho,22.7,5.826980206302673
2024-06-03,371,7,180222,Bolsa,20.7,5.487425348684546
2024-08-03,6,10,287047,Polainas,19.1,6.169061401920898
2024-04-14,427,8,366214,Bolsa,18.4,4.848489095427363
2024-06-13,295,10,200759,Pantalones,28.4,6.881013606371283
2024-09-20,436,6,263142,Guantes,28.8,5.503195207681567
2024-05-22,213,5,312319,Poncho,24.3,4.485305062001454
2024-10-02,115,3,310460,Poncho,33.2,6.003931478084343
2024-09-27,277,8,406051,Guantes,21.5,5.727703576480089
2024-11-26,28,6,99745,Paraguas,18.4,5.686408332213074
2024-07-23,477,5,131336,Pantalones,32.7,6.586327762321508
2024-03-23,344,5,192459,Chubasquero,12.6,4.203066312865477
2024-10-31,286,7,103717,Botas,29.6,5.0993385607848225
2024-08-15,470,9,204567,Mochila,24.5,5.801333030224329
2024-06-06,189,8,107734,Botas,18.4,7.12894576146326
2024-05-07,30,6,313232,Botas,23.7,5.0383795877812965
2024-07-02,430,1,317885,Polainas,33.1,6.004204755279872
2024-03-02,105,2,436341,Poncho,18.4,5.492199437090726
2024-01-19,165,1,358876,Polainas,22.2,5.20144794281385
2024-07-02,285,6,316505,Polainas,35.7,4.982470279426345
2024-03-12,387,2,409516,Chaqueta,18.4,3.7199648837996144
2024-03-17,70,7,130078,Polainas,24.2,6.819446340744014
2024-05-25,401,7,55889,Guantes,33.4,4.99263761202044
2024-03-23,16,1,130842,Bolsa,18.6,4.737848293927486
2024-02-20,370,6,282126,Polainas,20.0,5.48249917350319
2024-07-15,94,4,437964,Chubasquero,35.1,5.76622766024957
2024-07-22,373,4,171428,Mochila,36.8,5.01009911369419
2024-10-18,120,2,369634,Polainas,29.7,5.158243141706006
2024-05-12,380,2,324883,Mochila,25.6,5.00574477396318
2024-06-03,242,8,171294,Pantalones,20.5,5.692411583681839
2024-01-29,460,3,222653,Chaqueta,26.0,3.8588894236129314
2024-07-26,47,1,271462,Pantalones,24.1,5.745231502301797
2024-10-13,127,6,97975,Calcetines,33.3,6.903281224588791
2024-06-08,351,6,246104,Gorra,27.4,4.018921737850258
2024-09-10,10,6,122726,Chaqueta,29.3,4.42026864483886
2024-08-18,61,2,442648,Bolsa,28.1,7.1659565685473865
2024-06-10,489,6,179805,Poncho,20.6,5.903699176813886
2024-11-22,352,3,86949,Mochila,34.5,5.659186798684676
2024-12-19,332,7,73147,Paraguas,27.8,6.06645823353435
2024-06-24,354,3,269512,Chubasquero,19.5,3.389333785588854
2024-01-15,109,2,231618,Paraguas,23.5,6.4059372748077825
2024-05-12,436,8,263142,Guantes,28.9,5.333327545557196
2024-09-19,41,9,210951,Poncho,26.8,6.148205068074987
2024-06-18,46,10,253855,Calcetines,21.8,4.656415261345277
2024-01-25,461,4,377520,Chaqueta,25.1,3.087912558312582
2024-09-28,89,1,340009,Calcetines,11.3,5.950252719802375
2024-06-21,178,7,382144,Botas,24.0,6.557504678212316
2024-01-29,331,2,57921,Mochila,23.8,2.4622045704362945
2024-04-28,476,10,228029,Calcetines,29.9,7.036169848943147
2024-10-16,73,8,434687,Gorra,35.2,7.24837684393623
2024-01-16,485,3,284244,Chubasquero,30.3,4.550989114122606
2024-04-16,305,1,69922,Paraguas,33.1,4.69582319229471
2024-10-06,354,3,269512,Chubasquero,23.1,3.5189223415683126
2024-09-02,186,4,428876,Calcetines,32.1,5.795954767336767
2024-08-31,367,6,312531,Chubasquero,18.4,6.323353176049555
2024-05-22,358,5,237594,Pantalones,20.4,6.19545301203554
2024-05-29,356,3,496861,Gabardina,36.1,5.8001350897189
2024-09-20,110,9,374303,Gabardina,28.8,4.784699395026408
2024-01-10,158,6,296156,Guantes,18.4,4.515402647537538
2024-03-15,330,6,118871,Paraguas,30.4,6.755010954327853
2024-03-12,48,2,408117,Pantalones,30.7,4.5874335876977765
2024-02-22,145,2,411421,Paraguas,33.2,4.590642363129243
2024-12-18,329,3,288777,Pantalones,34.8,4.31485123517498
2024-10-06,236,1,481659,Mochila,32.1,4.783278930801568
2024-12-31,421,2,490217,Chubasquero,34.1,5.5214519851382775
2024-03-28,312,2,229485,Poncho,22.0,5.629947468585844
2024-08-23,89,7,340009,Calcetines,28.8,5.71754867457335
2024-06-15,384,1,69258,Gabardina,26.9,4.92140977723523
2024-01-15,199,7,368645,Gorra,18.4,4.288760900915633
2024-07-25,273,5,352025,Paraguas,27.7,5.684048608492748
2024-07-03,368,6,85310,Pantalones,22.0,4.580084904957591
2024-11-01,475,4,188329,Mochila,21.9,7.510538919856374
2024-01-10,57,1,57649,Gorra,18.4,4.6272055090342485
2024-11-08,207,9,290653,Bolsa,22.6,6.166927428095235
2024-01-29,287,1,367692,Chaqueta,36.1,5.431553967151061
2024-05-02,482,4,343098,Paraguas,18.9,7.187945445735811
2024-04-21,398,5,190694,Bolsa,24.7,6.280392863420699
2024-10-13,270,9,238170,Chubasquero,33.3,5.703590606765075
2024-05-01,372,9,437132,Poncho,17.6,6.971613876761826
2024-11-14,387,2,409516,Chaqueta,19.0,4.050991212125132
2024-06-13,358,10,237594,Pantalones,28.4,6.1505578122117885
2024-08-15,293,2,279668,Pantalones,34.4,4.64108700556708
2024-10-08,224,8,183501,Gabardina,18.4,4.883519285492172
2024-06-11,53,6,191922,Chaqueta,25.6,6.959580388064932
2024-03-20,126,3,77758,Gabardina,21.4,6.977885717714334
2024-02-27,431,1,401879,Gabardina,29.7,4.484137822866101
2024-10-15,470,2,204567,Mochila,32.1,5.802987087770681
2024-07-29,22,4,316078,Polainas,28.5,6.609963026282101
2024-06-03,172,10,94043,Mochila,20.7,5.202579568360242
2024-09-19,233,8,450386,Gabardina,21.3,7.3532153124563555
2024-05-24,395,9,490669,Chubasquero,33.1,5.184577035047042
2024-08-12,442,6,226036,Pantalones,22.1,5.586419862970683
2024-11-07,470,1,204567,Mochila,16.3,6.017184516662855
2024-12-17,16,4,130842,Bolsa,32.3,4.968459573418697
2024-08-02,432,1,67053,Chubasquero,33.7,4.858853674159271
2024-08-23,228,6,295853,Poncho,34.0,4.203518886795031
2024-08-10,480,7,390363,Poncho,29.7,6.590471022921071
2024-01-30,4,9,187503,Poncho,25.9,5.632926850741429
2024-05-09,153,7,434480,Calcetines,27.4,5.944665831358269
2024-12-17,343,10,144401,Poncho,25.2,4.904556014411304
2024-08-31,257,5,319734,Chaqueta,19.1,7.1478422951567415
2024-11-10,386,5,102253,Chubasquero,28.8,5.193912529479729
2024-01-07,244,10,434788,Bolsa,35.8,5.492543519857795
2024-02-28,95,8,249126,Paraguas,38.0,6.047475509747328
2024-06-01,414,7,162304,Mochila,23.1,6.660007266216361
2024-05-19,217,10,97463,Botas,34.8,4.1638403979154255
2024-03-09,321,5,423664,Gorra,30.4,5.7081467641814685
2024-05-24,36,8,355755,Paraguas,27.6,6.258168721176496
2024-05-04,300,2,291791,Paraguas,23.4,5.481167983861742
2024-06-22,227,1,391477,Botas,24.5,4.1377217266641155
2024-12-21,269,6,143151,Bolsa,26.2,5.6511989001996925
2024-01-23,116,1,103622,Guantes,31.9,4.376501600076789
2024-01-20,341,9,76166,Poncho,36.0,6.062058332405936
2024-06-23,265,6,310652,Poncho,18.4,5.519210633883278
2024-07-29,240,3,190636,Gorra,20.2,2.6395862035343436
2024-10-11,7,4,207614,Bolsa,19.6,5.322819015877368
2024-12-16,442,5,226036,Pantalones,35.0,5.6147663413426585
2024-02-17,395,6,490669,Chubasquero,25.0,5.146171340544212
2024-02-24,447,7,100121,Chaqueta,34.4,4.392436464303182
2024-11-24,99,9,273777,Mochila,38.3,5.657498614108135
2024-09-19,363,9,352624,Botas,31.4,4.774440350630837
2024-11-09,161,2,218710,Chubasquero,30.6,4.78118412685566
2024-06-21,394,8,347792,Polainas,24.0,4.2899420416193355
2024-05-23,274,1,494185,Gorra,31.1,4.616442712153921
2024-02-20,184,3,396833,Pantalones,33.2,4.45690212920017
2024-07-09,480,8,390363,Poncho,29.4,6.551542136983788
2024-03-10,317,1,107751,Pantalones,32.4,4.102769407199956
2024-07-07,50,9,137386,Pantalones,27.8,6.992712865572458
2024-07-03,62,2,394303,Poncho,24.8,7.172883830099912
2024-05-29,85,2,255970,Polainas,34.8,5.169431441297662
2024-06-24,373,10,171428,Mochila,22.9,5.119223158451722
2024-02-15,155,1,406792,Gabardina,28.7,3.927093525076788
2024-04-22,486,3,292587,Guantes,19.0,4.7610045499276605
2024-05-07,31,1,331356,Guantes,23.7,4.255499921147241
2024-08-30,476,6,228029,Calcetines,32.1,7.180999147788248
2024-09-19,124,4,396373,Paraguas,31.4,5.9022499638718875
2024-10-20,340,7,401812,Botas,30.5,5.679415991670286
2024-01-10,403,10,379128,Gorra,34.9,4.408234871086105
2024-07-01,143,5,469325,Gorra,23.5,5.697749810741011
2024-05-16,65,7,415015,Calcetines,23.9,5.614426901849649
2024-06-01,423,3,89731,Chubasquero,34.9,5.009264678636471
2024-12-18,150,6,110927,Calcetines,26.3,6.459039149316821
2024-09-08,269,7,143151,Bolsa,18.1,5.612793205696863
2024-05-28,310,9,261982,Gorra,34.1,4.8394434094138346
2024-01-03,151,4,289544,Bolsa,34.1,5.1862885036431425
2024-09-19,422,2,144291,Gabardina,16.7,6.276353256835039
2024-12-29,351,3,246104,Gorra,26.0,4.287331037166853
2024-02-17,442,5,226036,Pantalones,32.8,5.216768486046605
2024-01-24,311,4,448001,Bolsa,32.5,5.265281807969953
2024-03-12,46,7,253855,Calcetines,18.4,4.566844215793504
2024-03-12,334,1,471757,Paraguas,18.4,4.0603544977742825
2024-02-19,440,1,220818,Gabardina,32.0,5.143632638843567
2024-10-27,66,10,425892,Bolsa,24.0,5.206562719284721
2024-10-17,277,3,406051,Guantes,28.0,5.699137744012384
2024-06-08,35,8,337289,Calcetines,27.4,6.295371427581775
2024-03-12,433,9,411004,Guantes,18.4,6.851571186579692
2024-05-14,80,8,476903,Chubasquero,29.5,4.739630207453909
2024-01-02,340,4,401812,Botas,31.1,5.29313141005144
2024-04-09,99,1,273777,Mochila,27.0,5.485149865664235
2024-05-14,34,6,447789,Polainas,29.5,5.452626516333675
2024-02-27,14,4,370535,Chubasquero,29.7,4.414278560597943
2024-07-03,377,1,62218,Chubasquero,30.7,5.7210979010373
2024-04-29,482,5,343098,Paraguas,39.8,6.918228167833083
2024-07-03,414,7,162304,Mochila,30.7,6.619466564354222
2024-11-27,276,3,128382,Calcetines,25.1,4.703358615384889
2024-08-11,356,4,496861,Gabardina,29.0,6.004011706762992
2024-12-27,294,7,177518,Bolsa,25.7,6.403509113021139
2024-05-27,448,2,169025,Botas,32.1,5.324183999518666
2024-12-05,235,10,377399,Mochila,23.2,5.337918065860748
2024-05-09,200,5,98171,Paraguas,27.4,4.394326156527081
2024-09-22,65,6,415015,Calcetines,32.9,5.6852297353473435
2024-02-04,123,10,116169,Paraguas,36.4,5.433344746809668
2024-10-14,66,5,425892,Bolsa,25.8,5.186967478457465
2024-09-30,250,4,343087,Pantalones,28.8,6.241863287159435
2024-11-21,363,2,352624,Botas,24.0,4.939388081737646
2024-05-12,421,10,490217,Chubasquero,28.9,5.282697142779792
2024-03-02,61,9,442648,Bolsa,18.4,7.060579347074022
2024-12-18,431,4,401879,Gabardina,26.3,4.943098649624724
2024-07-16,447,3,100121,Chaqueta,34.0,4.607764759307254
2024-07-09,157,2,246459,Poncho,29.4,4.740804670831684
2024-09-16,273,8,352025,Paraguas,31.8,5.723804523203207
2024-02-22,118,8,474691,Gorra,33.2,6.038153843271869
2024-12-12,173,4,307499,Mochila,24.2,5.060139480009342
2024-08-09,31,1,331356,Guantes,21.6,4.404945313671181
2024-10-20,139,2,311505,Paraguas,30.5,5.474040575440278
2024-04-13,202,6,209412,Gabardina,26.5,5.781893923724486
2024-11-05,364,8,498159,Guantes,35.2,5.145385601302639
2024-11-25,421,5,490217,Chubasquero,30.6,5.5173590828938925
2024-10-30,442,8,226036,Pantalones,20.7,5.68605012465331
2024-11-10,396,6,478706,Pantalones,23.1,4.706116119062943
2024-06-03,120,2,369634,Polainas,23.4,5.05804744696743
2024-11-05,2,9,408696,Gabardina,28.9,7.314344346953622
2024-07-06,80,3,476903,Chubasquero,33.0,4.785917869106787
2024-10-27,138,7,326116,Calcetines,24.0,7.34803520851156
2024-07-02,102,2,106548,Mochila,33.1,4.430854936886885
2024-11-11,170,5,362012,Poncho,30.8,6.147812367196943
2024-05-19,237,10,208526,Polainas,24.1,6.117099100303801
2024-09-19,400,7,278481,Gorra,31.4,5.428085759575497
2024-02-17,224,10,183501,Gabardina,19.6,4.532897716339399
2024-05-13,436,8,263142,Guantes,32.2,5.297402937373896
2024-01-24,414,9,162304,Mochila,29.5,6.3793615017881065
2024-03-03,177,9,167620,Chubasquero,31.9,5.88950915632428
2024-05-15,20,4,387979,Botas,26.0,4.723211168842331
2024-05-18,488,4,63150,Guantes,40.5,4.553896849157481
2024-04-19,178,6,382144,Botas,24.5,6.467672036943317
2024-02-26,96,9,314860,Paraguas,20.2,5.372891203594105
2024-12-20,235,10,377399,Mochila,28.0,5.285664090321402
2024-01-31,144,10,102529,Gorra,31.1,6.1082042545360276
2024-03-27,349,7,76841,Chaqueta,18.1,4.809758688911016
2024-02-04,309,3,409116,Chubasquero,23.4,4.8801159709935185
2024-09-02,160,8,51340,Pantalones,18.4,4.664589573751444
2024-05-31,381,9,415279,Guantes,25.0,5.853610976545294
2024-01-29,252,5,409064,Poncho,32.6,4.555622774014438
2024-08-30,97,2,213651,Bolsa,32.1,5.100703431189953
2024-02-23,231,6,185289,Guantes,26.4,4.6253474589330335
2024-08-30,295,7,200759,Pantalones,32.8,6.917503647610533
2024-04-02,255,8,418831,Gorra,31.8,6.813756049133541
2024-10-23,344,3,192459,Chubasquero,9.0,4.5376201103794305
2024-12-03,15,2,119339,Paraguas,27.3,4.439424237576739
2024-06-07,481,3,277841,Mochila,18.3,6.6480293271170785
2024-12-19,115,6,310460,Poncho,26.4,6.162347462248735
2024-06-19,180,2,339072,Polainas,18.1,4.226425535072609
2024-06-18,238,5,238195,Gorra,24.6,4.991550966457127
2024-09-17,163,6,287431,Poncho,33.5,6.208017536480943
2024-10-16,400,3,278481,Gorra,9.7,5.70651203340145
2024-04-21,425,6,178372,Bolsa,34.3,6.018106108498712
2024-09-20,52,4,126299,Pantalones,14.4,5.868790438957074
2024-12-21,109,10,231618,Paraguas,32.0,6.777546546616936
2024-02-29,112,3,61304,Guantes,18.4,5.644274423714949
2024-07-21,44,2,437902,Polainas,30.6,5.998657643590351
2024-12-31,249,5,499237,Mochila,18.4,5.3569122135376155
2024-03-08,273,9,352025,Paraguas,25.5,5.539219309647647
2024-06-20,103,4,72780,Botas,24.2,5.89434647096015
2024-02-15,319,1,459198,Paraguas,32.7,6.285852876270301
2024-03-07,87,4,239307,Botas,33.9,3.852731331705034
2024-03-09,411,3,262046,Gorra,23.2,4.623138177939323
2024-11-01,204,8,127891,Gorra,29.4,5.015641003247014
2024-02-25,312,5,229485,Poncho,36.3,5.4320794070497165
2024-10-05,103,8,72780,Botas,28.3,6.018491904487593
2024-04-15,192,9,58345,Guantes,32.5,4.346556069523612
2024-11-11,210,9,106505,Gabardina,30.8,5.506946534936801
2024-03-23,245,4,191152,Guantes,35.6,6.119413007873981
2024-11-12,215,1,143196,Gorra,23.9,4.712378123896077
2024-04-01,61,8,442648,Bolsa,27.6,7.002620653365433
2024-09-20,358,10,237594,Pantalones,16.7,6.404511155814421
2024-01-02,251,9,440870,Polainas,25.0,5.254274768643622
2024-11-07,7,8,207614,Bolsa,32.0,5.230024338475882
2024-07-30,159,4,212806,Gorra,27.7,4.842188143310538
2024-01-05,130,9,490694,Polainas,32.3,5.825909001477202
2024-02-07,93,2,336726,Bolsa,30.7,5.351111425164445
2024-06-14,29,6,357303,Polainas,30.4,6.459246460575775
2024-12-25,49,8,492079,Pantalones,24.4,5.556184707010025
2024-05-12,194,4,289930,Guantes,23.9,5.380446073966282
2024-05-29,108,1,467844,Poncho,31.7,5.258323128681062
2024-12-28,208,8,164720,Calcetines,26.0,6.403736889125464
2024-05-20,308,9,401541,Paraguas,32.1,3.883129809212452
2024-02-11,221,9,269822,Calcetines,23.6,4.7817539431623395
2024-12-25,97,2,213651,Bolsa,34.1,5.247709979015861
2024-08-25,454,5,211890,Pantalones,30.6,6.629393680730166
2024-11-01,226,10,145458,Calcetines,29.5,6.374708396157008
2024-09-13,399,5,466595,Mochila,33.2,4.6920114338812615
2024-02-04,197,6,195650,Gabardina,23.4,4.804178963382132
2024-01-24,379,6,203062,Gabardina,29.5,4.675243822800153
2024-10-10,302,2,442601,Chaqueta,33.0,5.641065633939317
2024-06-23,242,1,171294,Pantalones,18.4,5.715272697980303
2024-08-26,228,4,295853,Poncho,34.1,4.2024302623046275
2024-04-05,175,8,414612,Chaqueta,30.4,6.796222782866246
2024-07-17,56,3,479057,Paraguas,32.7,4.924079002139617
2024-11-02,467,3,236953,Poncho,27.7,4.898963897562656
2024-08-21,315,5,454178,Pantalones,32.1,4.25711129803397
2024-08-27,233,9,450386,Gabardina,24.1,7.280539067316578
2024-12-29,329,3,288777,Pantalones,26.0,4.410650190330448
2024-02-09,21,3,276159,Botas,25.5,6.3659610388456915
2024-04-10,28,10,99745,Paraguas,18.4,5.39104501635363
2024-10-27,98,1,498690,Poncho,24.0,5.492426055836873
2024-03-13,386,1,102253,Chubasquero,32.5,4.81607534806688
2024-12-01,204,4,127891,Gorra,21.1,5.148191595358958
2024-08-17,151,2,289544,Bolsa,24.6,5.585071146090876
2024-08-08,49,1,492079,Pantalones,20.1,5.434216522463387
2024-01-11,127,2,97975,Calcetines,23.0,6.635656712423877
2024-12-07,50,8,137386,Pantalones,18.4,7.306017364712805
2024-04-14,264,10,386075,Guantes,18.4,5.824723156565759
2024-11-06,37,10,223563,Chubasquero,29.5,7.358350951852699
2024-07-08,95,8,249126,Paraguas,35.5,6.285664919049864
2024-09-09,223,5,100125,Guantes,35.4,6.08483708965921
2024-03-09,431,6,401879,Gabardina,35.4,4.464280986321619
2024-05-03,458,5,403692,Paraguas,23.9,5.996544749188665
2024-12-18,491,1,331871,Pantalones,34.8,6.078845183811498
2024-11-03,282,8,280559,Gabardina,19.0,5.865751763085875
2024-01-31,37,5,223563,Chubasquero,31.1,6.91898536592133
2024-08-26,412,6,82995,Pantalones,34.1,4.923668351166455
2024-04-29,366,9,417067,Bolsa,22.3,5.521334720808355
2024-10-06,365,4,427998,Gabardina,25.8,5.717096302364131
2024-02-29,188,3,131181,Guantes,32.5,3.8552939860485935
2024-06-29,451,1,295402,Calcetines,23.2,5.082114363236698
2024-04-01,407,2,87299,Gabardina,22.0,7.0109441895803
2024-10-11,62,7,394303,Poncho,19.6,7.356076581826346
2024-11-03,53,10,191922,Chaqueta,23.9,7.189060801444244
2024-11-26,282,8,280559,Gabardina,35.0,5.691571844621388
2024-01-26,179,3,166568,Poncho,28.7,5.592883699244523
2024-10-01,467,4,236953,Poncho,30.1,4.830642150384492
2024-07-27,329,4,288777,Pantalones,23.1,4.231246503509676
2024-07-31,410,3,491523,Calcetines,22.8,6.950470345778568
2024-08-09,219,6,382934,Botas,25.5,5.87991678354048
2024-05-21,178,8,382144,Botas,23.2,6.524018914727049
2024-02-26,366,5,417067,Bolsa,34.6,5.303044389671796
2024-01-22,481,10,277841,Mochila,25.4,6.359763191256002
2024-05-17,378,8,485131,Paraguas,31.1,6.845472338995174
2024-02-23,352,1,86949,Mochila,34.3,5.281611212989054
2024-01-27,115,2,310460,Poncho,34.5,5.610026525032676
2024-03-15,475,5,188329,Mochila,18.5,7.209994077262142
2024-06-20,60,4,174656,Polainas,17.8,5.41888978723337
2024-01-24,480,10,390363,Poncho,32.5,6.264626221330342
2024-10-14,115,8,310460,Poncho,18.4,6.165047902663995
2024-01-27,336,5,474924,Chaqueta,32.8,5.706060505260905
2024-04-02,377,7,62218,Chubasquero,31.8,5.58253875341739
2024-06-02,376,2,451634,Paraguas,35.4,4.252941203623378
2024-10-18,108,5,467844,Poncho,32.8,5.4573220563290885
2024-04-05,32,8,271246,Calcetines,32.3,4.3172207627877315
2024-12-27,452,3,499652,Chaqueta,33.1,4.326461673156082
2024-10-01,86,8,321072,Gorra,18.4,6.403284736920789
2024-01-24,272,7,473779,Poncho,32.5,6.261675067315141
2024-02-16,162,4,308963,Bolsa,18.4,4.961887364754061
2024-11-24,446,6,115112,Guantes,15.0,5.249412479068801
2024-06-22,225,3,270965,Gorra,30.8,5.72662978814931
2024-08-31,429,10,472647,Poncho,19.1,7.276987667287018
2024-05-24,492,8,483182,Chubasquero,33.1,4.920291859046554
2024-11-25,431,5,401879,Gabardina,30.9,4.850827163657692
2024-06-03,336,7,474924,Chaqueta,27.4,5.975820024785129
2024-01-10,259,2,497191,Bolsa,18.4,5.667805985213613
2024-09-16,311,1,448001,Bolsa,27.0,5.662714230210057
2024-10-24,32,7,271246,Calcetines,27.5,4.62264329477803
2024-07-20,154,8,72408,Poncho,29.3,5.12754724041611
2024-02-20,364,8,498159,Guantes,20.0,4.9311036891674735
2024-07-27,119,6,364963,Pantalones,22.0,4.936224395015909
2024-08-03,407,10,87299,Gabardina,24.5,7.152507614954192
2024-11-14,398,6,190694,Bolsa,19.0,6.637807775233116
2024-11-10,144,7,102529,Gorra,28.8,6.555190211900217
2024-09-13,403,1,379128,Gorra,21.9,4.887314130106436
2024-02-24,363,4,352624,Botas,32.6,4.466013540886556
2024-10-06,428,9,206001,Mochila,25.8,6.449832636985435
2024-12-03,373,10,171428,Mochila,27.3,5.3244922373249395
2024-09-16,79,4,109604,Pantalones,31.8,5.472809445660143
2024-05-15,18,6,318702,Calcetines,25.0,5.813460452448132
2024-04-25,92,7,188858,Gorra,23.7,7.1143576246635964
2024-04-13,202,1,209412,Gabardina,26.5,5.781893923724486
2024-06-18,161,3,218710,Chubasquero,20.6,4.679072778853504
2024-02-09,21,5,276159,Botas,25.5,6.3659610388456915
2024-02-24,22,10,316078,Polainas,34.4,6.334760384305862
2024-06-19,462,9,381836,Gorra,18.4,7.020194564995395
2024-10-16,83,7,250971,Chubasquero,9.7,7.5029777529116854
2024-05-23,25,9,383860,Gorra,31.1,3.500924207123359
2024-05-10,349,4,76841,Chaqueta,29.7,4.767867766841247
2024-12-29,361,4,426688,Gabardina,23.6,7.238436497115623
2024-06-05,67,10,451233,Chubasquero,18.4,6.188903535250589
2024-02-13,458,5,403692,Paraguas,28.1,5.824238242366261
2024-09-11,42,1,114934,Guantes,33.7,4.23964437350771
2024-12-20,456,9,280923,Pantalones,28.0,7.379972572412916
2024-10-06,187,4,445878,Gorra,23.1,6.413742908819337
2024-10-01,297,3,113706,Botas,23.5,5.820117105440054
2024-12-26,314,6,252358,Bolsa,31.9,3.8234764725574655
2024-05-14,478,7,121570,Chaqueta,33.5,6.547495681314166
2024-06-07,202,2,209412,Gabardina,18.3,5.955550650754519
2024-03-10,4,6,187503,Poncho,36.8,5.59865630010448
2024-04-19,225,9,270965,Gorra,26.7,5.68687387343885
2024-11-05,69,1,459192,Paraguas,28.9,4.4772036088602984
2024-09-17,129,5,325907,Gorra,33.5,5.6352677988126665
2024-04-02,191,3,472692,Polainas,31.8,4.543025031026551
2024-10-30,213,9,312319,Poncho,23.3,4.707165103947945
2024-10-06,362,7,129628,Bolsa,23.1,5.29561016241905
2024-05-18,269,1,143151,Bolsa,27.0,5.347126588417025
2024-10-31,362,5,129628,Bolsa,29.6,5.224849570542852
2024-06-08,229,1,469120,Gorra,18.4,5.5293859832943735
2024-06-27,355,1,246672,Polainas,33.5,4.320300481543843
2024-10-12,389,6,82070,Gabardina,23.5,5.611599783552152
2024-11-05,11,7,120983,Gorra,42.4,4.885780790075146
2024-12-21,208,10,164720,Calcetines,32.6,6.331887672758864
2024-03-08,271,4,284906,Mochila,13.2,6.8825320401973515
2024-10-27,264,4,386075,Guantes,24.0,6.01692874155414
2024-01-31,449,1,146112,Polainas,29.1,4.439879442388019
2024-11-14,369,3,282885,Paraguas,23.5,5.840264085472787
2024-07-14,76,1,375784,Polainas,33.9,6.268507300024452
2024-09-20,351,8,246104,Gorra,14.4,4.287027199828129
2024-03-21,490,5,470119,Chubasquero,34.6,4.792502354491088
2024-04-29,159,5,212806,Gorra,39.8,4.5838803017462935
2024-10-23,195,10,127690,Poncho,9.0,6.212985217893522
2024-04-26,156,8,123009,Calcetines,30.6,5.353232468985993
2024-08-10,223,4,100125,Guantes,20.9,6.2004928813591595
2024-11-22,57,8,57649,Gorra,34.5,4.873884560164278
2024-08-23,220,2,386647,Gabardina,28.8,6.14389383963506
2024-12-30,291,4,310904,Bolsa,25.5,6.403087328385753
2024-10-26,111,8,282379,Mochila,18.4,5.060797378367059
2024-07-27,353,7,252323,Mochila,14.7,4.967647176220252
2024-01-27,100,9,334241,Gorra,35.0,6.9061498722039625
2024-04-29,101,6,168288,Poncho,22.3,4.796317487396914
2024-08-01,349,2,76841,Chaqueta,18.4,5.017466612482266
2024-01-20,73,10,434687,Gorra,30.4,6.920877984799148
2024-07-27,335,7,342738,Gorra,14.7,6.069931352164998
2024-03-16,92,10,188858,Gorra,30.1,7.0024908978693094
2024-10-26,164,3,264233,Pantalones,18.4,4.4123685508202595
2024-01-20,107,8,460578,Mochila,30.4,6.657090520862911
2024-04-19,262,4,258274,Gorra,23.8,5.44376833211933
2024-06-28,283,9,277152,Gorra,15.0,6.716834180424161
2024-09-17,300,5,291791,Paraguas,30.6,5.571566058186692
2024-10-27,58,9,348433,Chubasquero,32.8,4.235949071060721
2024-08-21,391,5,352531,Gabardina,33.4,4.63208281532326
2024-10-15,9,1,76671,Paraguas,32.1,6.093514049885689
2024-05-13,105,6,436341,Poncho,32.2,5.426358776232089
2024-01-26,468,1,331432,Poncho,28.7,3.9561401702359067
2024-05-15,325,7,133489,Calcetines,26.0,5.77421775635441
2024-12-14,184,4,396833,Pantalones,26.7,4.949610315161287
2024-12-17,339,5,105632,Botas,32.3,6.251916603194477
2024-08-26,178,2,382144,Botas,33.7,6.536297621460205
2024-11-19,148,1,277169,Pantalones,22.7,5.3035086004925995
2024-07-06,347,2,181419,Bolsa,44.3,4.584227331230506
2024-07-03,380,1,324883,Mochila,30.7,5.034614443769609
2024-08-31,65,4,415015,Calcetines,30.3,5.671339212689331
2024-10-10,418,10,146548,Pantalones,33.7,6.274297164071501
2024-02-18,473,9,414790,Poncho,22.5,6.718036369421895
2024-05-25,181,4,218746,Guantes,26.1,5.06868237749698
2024-09-22,324,1,307641,Guantes,32.9,6.929432703771606
2024-08-12,29,8,357303,Polainas,22.1,6.633991812096212
2024-05-14,375,6,403595,Mochila,28.5,6.862108872616123
2024-12-04,211,1,369547,Pantalones,18.4,3.938450053640191
2024-05-31,485,4,284244,Chubasquero,18.4,4.849314466114537
2024-08-03,480,10,390363,Poncho,33.5,6.549103292285755
2024-01-26,329,5,288777,Pantalones,28.7,3.917114975596154
2024-12-28,441,4,447254,Botas,30.4,5.647657652408084
2024-03-27,121,9,424069,Guantes,18.1,3.944997934895179
2024-05-07,201,7,360184,Calcetines,18.4,4.7133973241073175
2024-04-01,345,4,209881,Paraguas,22.0,5.8445162060612885
2024-01-05,104,10,124063,Mochila,25.3,5.284057563587586
2024-03-28,214,2,417825,Botas,22.1,3.9031574675426635
2024-07-01,458,6,403692,Paraguas,33.8,5.973160443455747
2024-05-05,202,2,209412,Gabardina,28.4,5.80340481781532
2024-07-26,392,7,378238,Botas,31.2,6.957953314903067
2024-01-09,224,7,183501,Gabardina,18.4,4.503766450815744
2024-03-27,72,7,271589,Gabardina,18.4,6.296908629079846
2024-05-06,208,9,164720,Calcetines,19.4,6.180222789632621
2024-06-17,348,2,351256,Bolsa,27.5,4.0184272884952765
2024-06-03,229,2,469120,Gorra,24.0,5.468423011831803
2024-11-25,486,6,292587,Guantes,28.1,4.957303037160427
2024-12-08,230,4,317462,Mochila,18.4,5.89964529204307
2024-03-07,370,6,282126,Polainas,32.6,5.387527247120898
2024-12-04,365,9,427998,Gabardina,18.4,5.88204403347094
2024-07-31,358,4,237594,Pantalones,22.8,6.253715543082851
2024-07-31,392,10,378238,Botas,24.8,7.027625282288862
2024-02-20,51,2,97184,Chaqueta,33.2,4.5387015198595995
2024-08-01,54,2,351681,Mochila,18.5,5.068096149170518
2024-06-04,162,7,308963,Bolsa,29.2,5.0130949574245
2024-05-20,98,10,498690,Poncho,32.7,5.186741928129347
2024-04-22,330,8,118871,Paraguas,44.2,6.646975534060725
2024-08-29,337,9,492178,Bolsa,32.6,5.5411602033569665
2024-06-11,344,8,192459,Chubasquero,26.3,4.180509035905736
2024-11-21,96,5,314860,Paraguas,27.4,5.674263074961513
2024-10-05,365,10,427998,Gabardina,28.3,5.689880690104054
2024-10-23,19,9,82267,Paraguas,33.6,5.104919653292371
2024-06-08,305,1,69922,Paraguas,30.9,4.804162449900561
2024-05-19,314,1,252358,Bolsa,35.0,3.494365797495527
2024-05-21,233,9,450386,Gabardina,26.8,7.12456192785022
2024-04-09,328,4,142005,Pantalones,13.1,6.015561968446215
2024-06-26,96,6,314860,Paraguas,29.5,5.44042816362059
2024-11-21,401,5,55889,Guantes,9.8,5.502721548206511
2024-11-24,176,7,87004,Chaqueta,44.3,5.8826238206337855
2024-08-22,278,5,195023,Polainas,30.6,6.068990667610732
2024-06-29,449,7,146112,Polainas,23.8,4.7085503374218405
2024-07-24,234,5,384749,Pantalones,18.4,5.510183312432156
2024-10-03,175,6,414612,Chaqueta,18.4,7.180026278165563
2024-02-26,471,6,179657,Chubasquero,20.2,6.084735456981578
2024-09-21,295,5,200759,Pantalones,34.6,6.94010316619177
2024-04-12,72,8,271589,Gabardina,35.4,6.15403722511982
2024-10-04,306,6,382028,Paraguas,21.8,5.857266737284038
2024-09-16,411,5,262046,Gorra,21.6,4.893724726236723
2024-03-10,486,1,292587,Guantes,32.4,4.5729341088051605
2024-04-05,259,9,497191,Bolsa,18.4,5.79439026343909
2024-06-03,348,8,351256,Bolsa,23.9,4.057617770149786
2024-04-05,151,6,289544,Bolsa,35.5,5.297632039002976
2024-09-20,217,2,97463,Botas,16.7,4.529660468312344
2024-06-26,260,8,232119,Polainas,29.5,5.654991030979619
2024-03-05,350,6,438099,Gorra,25.4,5.886433301604054
2024-03-17,495,2,339858,Polainas,32.3,5.953600740339538
2024-03-09,42,4,114934,Guantes,35.4,3.967969200719907
2024-12-16,482,5,343098,Paraguas,35.0,7.308040218640365
2024-04-19,460,4,222653,Chaqueta,23.8,4.009423440627274
2024-02-12,205,9,173280,Calcetines,18.4,5.302961820076343
2024-06-11,140,1,127623,Calcetines,29.7,4.6493686941603585
2024-08-01,341,1,76166,Poncho,32.2,6.3987893789006955
2024-10-23,271,8,284906,Mochila,9.0,7.223617584653724
2024-12-25,494,5,250670,Botas,21.6,6.175294033819944
2024-06-05,225,2,270965,Gorra,24.0,5.800656253496717
2024-10-26,393,4,59077,Guantes,31.4,6.181782277017669
2024-09-15,329,7,288777,Pantalones,36.7,4.167583091631846
2024-06-27,321,8,423664,Gorra,22.0,5.9261754996008005
2024-12-25,474,3,54601,Poncho,32.4,4.5569726237548265
2024-03-06,426,7,357077,Botas,34.1,5.3429231980011185
2024-05-14,48,3,408117,Pantalones,28.5,4.695772845303628
2024-12-03,237,2,208526,Polainas,32.5,6.321017958969389
2024-03-16,401,2,55889,Guantes,26.4,4.98445180753167
2024-05-24,284,8,423055,Guantes,27.7,4.548298207541693
2024-11-28,156,8,123009,Calcetines,31.9,5.634443666470197
2024-11-21,230,1,317462,Mochila,34.8,5.678916116208479
2024-02-18,179,7,166568,Poncho,26.8,5.655762323970674
2024-09-21,463,10,58758,Poncho,40.0,4.7705280545871
2024-08-31,95,9,249126,Paraguas,18.4,6.514014466317277
2024-06-29,249,1,499237,Mochila,23.8,5.044957934604899
2024-12-28,299,1,262784,Poncho,26.0,7.257052683281598
2024-01-24,184,9,396833,Pantalones,29.5,4.45498647593659
2024-10-06,265,2,310652,Poncho,25.8,5.607431459227421
2024-12-23,3,8,193818,Paraguas,15.6,7.619818612836918
2024-09-13,283,3,277152,Gorra,32.9,6.648554674867492
2024-11-05,422,9,144291,Gabardina,42.4,6.080966281618441
2024-10-16,257,10,319734,Chaqueta,35.2,7.056963271018835
2024-02-15,396,2,478706,Pantalones,34.5,4.202260092480568
2024-10-14,466,8,196470,Gabardina,21.5,5.685412174467721
2024-12-20,216,10,50877,Mochila,30.3,5.939522107889797
2024-05-27,374,7,228491,Botas,32.1,5.267033686140675
2024-10-31,333,3,496467,Chaqueta,30.3,2.5727324303157397
2024-10-07,54,5,351681,Mochila,18.4,5.153574292477906
2024-08-14,460,6,222653,Chaqueta,22.9,4.18800009867487
2024-03-23,304,10,360789,Chaqueta,12.6,5.590115083326161
2024-08-29,283,10,277152,Gorra,27.0,6.67058876039278
2024-06-14,201,1,360184,Calcetines,35.9,4.565082797695277
2024-10-16,29,1,357303,Polainas,20.6,6.734710698269241
2024-08-17,163,10,287431,Poncho,35.8,6.140784413793181
2024-04-14,187,4,445878,Gorra,18.4,6.2117397034173285
2024-06-05,113,4,262224,Gorra,25.6,4.819139370485089
2024-07-01,135,9,194060,Bolsa,33.8,6.608830714554103
2024-02-15,284,2,423055,Guantes,34.5,4.347687463968811
2024-01-07,113,9,262224,Gorra,27.6,4.586393083634568
2024-08-01,338,3,318885,Gorra,18.4,4.210718401871866
2024-06-01,438,3,452584,Chubasquero,27.6,6.806580976151836
2024-08-02,104,5,124063,Mochila,33.7,5.487976422253174
2024-10-18,290,4,437995,Gabardina,32.8,4.569438236802155
2024-02-29,345,3,209881,Paraguas,28.3,5.691543344348913
2024-10-08,345,10,209881,Paraguas,18.4,6.136875244166751
2024-04-21,385,3,308851,Polainas,34.3,4.553334459272406
2024-05-15,381,10,415279,Guantes,29.9,5.800268376515545
2024-06-17,68,10,340178,Guantes,27.5,5.902878536848985
2024-02-15,107,8,460578,Mochila,32.7,6.674246916992133
2024-11-02,128,10,162725,Botas,29.4,7.171233471199082
2024-09-27,301,5,397456,Bolsa,21.5,4.7915600816838
2024-07-01,461,1,377520,Chaqueta,23.5,3.3584991066099827
2024-01-29,320,4,231876,Botas,23.8,5.496730510398056
2024-05-14,124,6,396373,Paraguas,28.5,5.765041036459608
2024-04-30,147,2,273978,Paraguas,30.4,6.497443331545105
2024-01-10,196,9,107500,Gabardina,18.4,4.205527093817565
2024-07-17,436,4,263142,Guantes,18.4,5.5320226358664994
2024-06-02,382,3,296625,Polainas,35.4,6.48943896642723
2024-12-03,413,9,64159,Polainas,32.5,6.837637137883918
2024-05-25,457,10,480392,Calcetines,27.0,6.891399614404907
2024-10-17,8,10,192608,Polainas,14.9,7.244654979129612
2024-06-01,464,3,111534,Bolsa,27.6,5.607297385005864
2024-08-05,89,1,340009,Calcetines,27.9,5.727346294986978
2024-07-31,297,2,113706,Botas,30.7,5.615151863905559
2024-09-11,387,8,409516,Chaqueta,30.9,3.837055378950186
2024-12-19,146,6,423897,Gabardina,32.1,5.740358666407997
2024-03-07,184,2,396833,Pantalones,33.9,4.49147651717584
2024-03-27,415,1,311427,Chaqueta,18.1,5.247723073625787
2024-10-16,105,2,436341,Poncho,28.0,5.683054801871477
2024-08-21,471,8,179657,Chubasquero,34.4,6.183319335795298
2024-09-17,110,5,374303,Gabardina,29.7,4.77490177461278
2024-03-06,329,2,288777,Pantalones,29.9,3.9884410005283013
2024-12-15,184,7,396833,Pantalones,33.4,4.876672474304283
2024-06-01,187,9,445878,Gorra,34.9,6.11650618131781
2024-04-16,264,9,386075,Guantes,33.1,5.6646953564765115
2024-08-01,349,6,76841,Chaqueta,32.2,4.867236432806647
2024-03-24,272,7,473779,Poncho,21.7,6.463636031095654
2024-09-17,62,7,394303,Poncho,33.5,7.162563018251831
2024-05-15,167,3,134958,Chubasquero,29.9,5.876791531904156
2024-02-29,164,4,264233,Pantalones,27.3,3.9779228959064525
2024-02-15,409,4,86442,Polainas,24.2,6.068763084800098
2024-10-29,236,6,481659,Mochila,18.1,4.9356863594579945
2024-07-30,335,2,342738,Gorra,27.7,5.9284101684126025
2024-08-10,221,6,269822,Calcetines,29.7,4.968516405698705
2024-07-10,474,4,54601,Poncho,32.9,4.3405557042603515
2024-11-08,154,4,72408,Poncho,25.8,5.334428135214184
2024-11-27,271,8,284906,Mochila,25.1,7.090543801107326
2024-10-23,465,5,452648,Pantalones,33.6,4.5567292059336015
2024-12-14,351,3,246104,Gorra,34.7,4.192620706501787
2024-11-03,329,1,288777,Pantalones,23.9,4.39131654522042
2024-10-13,383,4,222485,Gabardina,33.3,4.978688324002356
2024-11-22,151,2,289544,Bolsa,19.0,5.772618395778923
2024-03-08,416,9,252336,Mochila,13.2,6.031791998367959
2024-04-24,237,4,208526,Polainas,22.8,6.089056459270548
2024-05-01,341,6,76166,Poncho,26.5,6.334256696628193
2024-10-01,147,9,273978,Paraguas,30.1,6.753877761467265
2024-09-29,272,9,473779,Poncho,30.7,6.6188283834103325
2024-03-15,250,10,343087,Pantalones,30.4,5.971276738862034
2024-08-09,336,9,474924,Chaqueta,25.5,6.0808934089197715
2024-01-09,371,7,180222,Bolsa,29.0,5.186095718938633
2024-09-22,153,4,434480,Calcetines,28.8,6.0982041261265945
2024-08-09,384,7,69258,Gabardina,32.6,4.943747700099241
2024-11-22,434,5,319770,Bolsa,34.5,5.1884405355196375
2024-07-17,137,5,174466,Mochila,32.7,5.3906519121625704
2024-10-20,216,2,50877,Mochila,30.5,5.852955340092007
2024-04-09,378,6,485131,Paraguas,31.6,6.797834457134668
2024-06-18,157,1,246459,Poncho,23.7,4.760661507376165
2024-01-14,52,5,126299,Pantalones,27.4,5.389711179936743
2024-02-10,316,4,172811,Chaqueta,26.8,4.499824164543105
2024-12-16,340,8,401812,Botas,30.7,5.761628261506464
2024-04-01,450,10,498895,Pantalones,27.6,7.008510263232219
2024-01-19,41,3,210951,Poncho,26.6,5.812824241787858
2024-06-07,320,6,231876,Botas,18.4,5.76649002992228
2024-11-07,261,9,210917,Poncho,16.3,5.429548107827205
2024-10-11,327,3,487418,Pantalones,27.8,4.404507703950346
2024-11-09,481,8,277841,Mochila,45.0,6.5683403852219255
2024-12-23,11,10,120983,Gorra,24.1,5.1271938312273955
2024-06-25,220,3,386647,Gabardina,33.5,6.008338969769133
2024-11-05,263,5,295776,Chaqueta,42.4,3.8273022845839244
2024-07-31,137,10,174466,Mochila,30.7,5.412424401970632
2024-09-25,369,8,282885,Paraguas,26.3,5.725393080924519
2024-08-19,444,4,210050,Paraguas,30.7,5.415169402085828
2024-04-19,305,6,69922,Paraguas,24.5,4.789444898469371
2024-06-10,408,10,142726,Guantes,19.9,4.898762173700696
2024-05-04,385,5,308851,Polainas,29.6,4.646694569729842
2024-06-27,50,4,137386,Pantalones,22.0,7.0136583266073425
2024-03-24,180,9,339072,Polainas,29.3,3.9779153139219927
2024-06-10,265,6,310652,Poncho,19.9,5.502881266527233
2024-10-01,95,5,249126,Paraguas,31.0,6.461237299343477
2024-03-13,461,4,377520,Chaqueta,32.5,3.091743864839741
2024-02-29,11,7,120983,Gorra,29.4,4.647549139151114
2024-11-07,204,7,127891,Gorra,32.0,4.987336766496535
2024-07-31,352,9,86949,Mochila,24.8,5.596004336619803
2024-08-30,444,8,210050,Paraguas,32.1,5.399928659220186
2024-06-05,262,10,258274,Gorra,25.6,5.508562610109059
2024-06-04,45,9,480014,Polainas,33.9,4.069944981101045
2024-09-08,368,10,85310,Pantalones,18.1,4.706930778900293
2024-11-24,430,9,317885,Polainas,18.4,6.3330115930030875
2024-03-23,232,3,433406,Calcetines,18.6,5.767430541201962
2024-08-30,207,1,290653,Bolsa,32.2,5.935835198791066
2024-05-02,16,3,130842,Bolsa,29.8,4.700311869819329
2024-08-12,144,1,102529,Gorra,26.8,6.450378423482802
2024-03-02,445,5,140584,Paraguas,22.2,5.770403613258765
2024-06-24,88,4,179134,Polainas,18.4,5.780887753466025
2024-11-19,118,6,474691,Gorra,21.0,6.550718865777468
2024-08-24,166,10,331548,Gorra,21.8,5.529887862379011
2024-02-15,204,1,127891,Gorra,24.2,4.692496642071545
2024-11-03,335,7,342738,Gorra,19.0,6.191899536711635
2024-08-04,301,4,397456,Bolsa,31.0,4.645945995687018
2024-02-21,268,6,128959,Polainas,30.6,6.450464434336036
2024-08-21,133,10,56127,Polainas,34.4,5.656921049752208
2024-09-04,284,5,423055,Guantes,34.4,4.644139404318658
2024-11-18,118,2,474691,Gorra,38.5,6.360209579956935
2024-12-27,177,3,167620,Chubasquero,25.7,6.336756709405697
2024-12-03,79,4,109604,Pantalones,32.5,5.5917733524527975
2024-04-19,267,4,306733,Guantes,26.7,5.487233533514648
2024-03-27,17,7,166092,Guantes,18.1,4.242516548217552
2024-11-17,82,10,363606,Poncho,23.8,4.984726837645407
2024-09-30,325,9,133489,Calcetines,28.8,5.912515308257093
2024-08-16,370,6,282126,Polainas,35.7,5.564753684960864
2024-01-15,466,7,196470,Gabardina,39.7,5.107529682537939
2024-12-28,351,3,246104,Gorra,30.6,4.2372543106083125
2024-05-21,472,8,192542,Mochila,19.3,5.63334456825434
2024-05-10,404,6,368020,Guantes,22.9,6.017168880298233
2024-08-23,371,2,180222,Bolsa,28.8,5.483636283778883
2024-02-19,11,4,120983,Gorra,27.6,4.667144379978369
2024-05-14,106,9,77677,Polainas,28.5,6.582128603565734
2024-09-24,133,9,56127,Polainas,33.7,5.706736180593522
2024-12-16,63,8,424515,Gabardina,18.4,4.64317020685994
2024-04-20,128,3,162725,Botas,18.9,6.990175726831958
2024-01-15,108,3,467844,Poncho,18.4,5.234331148270699
2024-11-07,376,8,451634,Paraguas,32.0,4.5009282333395415
2024-05-20,1,3,77194,Chubasquero,32.1,5.9910338513238965
2024-05-09,243,6,215124,Chubasquero,34.5,5.226474608774132
2024-09-10,134,4,381842,Guantes,29.3,5.655736217162682
2024-08-05,126,8,77758,Gabardina,16.6,7.24111349029614
2024-08-23,345,10,209881,Paraguas,33.0,5.893546549750922
2024-09-29,302,8,442601,Chaqueta,30.7,5.623909237810095
2024-04-15,167,9,134958,Chubasquero,32.5,5.806292535745185
2024-12-15,78,2,387796,Chubasquero,33.6,4.427682193981774
2024-10-17,76,3,375784,Polainas,32.4,6.411420945605974
2024-04-05,373,7,171428,Mochila,35.5,4.897666953843954
2024-05-12,294,6,177518,Bolsa,23.3,6.134272784931368
2024-04-22,123,3,116169,Paraguas,19.0,5.707154926956782
2024-05-05,97,2,213651,Bolsa,22.9,5.074272606081557
2024-12-03,480,7,390363,Poncho,25.8,6.801706415680758
2024-05-22,169,4,252500,Paraguas,24.3,6.547434786508629
2024-06-19,53,10,191922,Chaqueta,18.1,7.04122722484516
2024-01-05,24,5,459252,Guantes,25.3,4.351269506977271
2024-03-31,395,8,490669,Chubasquero,22.2,5.2188475856839895
2024-03-10,145,7,411421,Paraguas,31.8,4.648077865403378
2024-07-02,342,6,276161,Polainas,36.9,3.949492089775645
2024-02-11,444,9,210050,Paraguas,22.3,5.253445302828732
2024-05-18,252,1,409064,Poncho,24.3,4.814757644351859
2024-04-25,56,4,479057,Paraguas,25.3,4.878052936203966
2024-10-23,141,8,357426,Chaqueta,16.2,6.265808688134397
2024-07-06,486,9,292587,Guantes,33.0,4.73518139949671
2024-10-14,139,2,311505,Paraguas,18.6,5.60358688979824
2024-02-26,142,8,464043,Gabardina,34.6,5.266085306725341
2024-05-12,196,10,107500,Gabardina,25.6,4.295925168142514
2024-05-23,1,1,77194,Chubasquero,31.1,6.001920096227927
2024-11-26,428,8,206001,Mochila,18.4,6.572585608683752
2024-05-01,404,10,368020,Guantes,24.4,6.000839512942187
2024-01-25,242,1,171294,Pantalones,18.1,5.507564774409052
2024-04-23,23,8,250130,Gorra,29.9,6.444924027781184
2024-11-19,21,9,276159,Botas,21.0,6.7947019755902565
2024-10-17,37,3,223563,Chubasquero,37.8,7.225800359740754
2024-07-12,266,8,424631,Gabardina,24.6,6.029434061191092
2024-03-24,425,4,178372,Bolsa,31.1,6.010747332783117
2024-07-17,190,5,333152,Calcetines,32.7,6.920005976639069
2024-09-10,312,10,229485,Poncho,23.4,5.867875282171154
2024-08-26,155,6,406792,Gabardina,33.4,4.129096730478797
2024-09-12,129,3,325907,Gorra,18.4,5.799650096863527
2024-12-29,348,7,351256,Bolsa,23.6,4.314052200071947
2024-05-31,425,7,178372,Bolsa,18.4,6.233392161881288
2024-04-01,437,9,319605,Chaqueta,22.0,6.524831874819483
2024-01-02,177,5,167620,Chubasquero,18.2,5.954261192692513
2024-04-02,204,1,127891,Gorra,31.8,4.6941506996178965
2024-04-24,271,8,284906,Mochila,22.8,6.820218848527151
2024-04-26,293,4,279668,Pantalones,35.5,4.460333098538678
2024-10-06,284,6,423055,Guantes,25.8,4.779955869901811
2024-09-13,487,7,436652,Botas,33.2,5.9272883183605005
2024-01-07,347,5,181419,Bolsa,35.0,4.432300852387037
2024-10-13,227,8,391477,Botas,33.3,4.210701809142615
2024-06-27,122,7,95006,Botas,20.6,4.904168600028815
2024-06-25,264,5,386075,Guantes,33.5,5.744730377331883
2024-03-25,246,8,319984,Poncho,18.4,4.91013431606519
2024-11-21,66,6,425892,Bolsa,34.8,5.1311860337296835
2024-12-19,455,2,172973,Bolsa,27.8,7.133901620351535
2024-06-21,274,6,494185,Gorra,34.1,4.625978736850321
2024-01-25,139,6,311505,Paraguas,23.6,5.16940283060166
2024-02-11,43,7,136709,Gabardina,29.0,5.759526879061307
2024-09-10,365,10,427998,Gabardina,23.4,5.701028530725312
2024-05-21,70,3,130078,Polainas,19.3,6.9571784595907475
2024-07-27,499,3,167413,Polainas,23.1,6.026347819477364
2024-05-07,412,2,82995,Pantalones,18.4,4.967998117934257
2024-12-04,106,8,77677,Polainas,24.8,6.91777102557009
2024-05-31,125,8,131203,Chubasquero,28.6,6.841231851370092
2024-06-22,475,8,188329,Mochila,24.5,7.271260886063435
2024-06-03,372,2,437132,Poncho,23.4,6.950668415726942
2024-10-22,21,10,276159,Botas,23.0,6.730734726373703
2024-04-05,298,8,485240,Poncho,15.0,6.607420351588301
2024-12-28,473,9,414790,Poncho,30.6,7.051805379784168
2024-09-29,475,6,188329,Mochila,30.7,7.330350445883922
2024-12-07,75,5,257198,Bolsa,18.4,5.935006385883889
2024-11-10,232,2,433406,Calcetines,28.8,5.993948918448788
2024-05-27,281,4,206426,Poncho,22.7,5.314679725262332
2024-01-07,424,6,126153,Botas,35.8,5.087188778115863
2024-11-22,287,9,367692,Chaqueta,34.5,5.870919553082429
2024-05-14,258,10,300636,Chaqueta,28.5,5.511497435707546
2024-12-12,264,5,386075,Guantes,35.0,5.981569566426789
2024-10-31,208,6,164720,Calcetines,30.3,6.272536517221149
2024-02-29,104,6,124063,Mochila,30.1,5.2739983474567325
2024-12-15,140,7,127623,Calcetines,33.6,4.860080895485591
2024-09-19,147,1,273978,Paraguas,21.3,6.807481957214241
2024-06-25,451,1,295402,Calcetines,31.5,4.991758530533246
2024-09-02,21,6,276159,Botas,32.1,6.589475138338535
2024-07-12,480,7,390363,Poncho,27.0,6.577669124753461
2024-04-09,470,6,204567,Mochila,13.1,5.756657184496309
2024-03-10,409,2,86442,Polainas,31.8,6.028222382937958
2024-05-19,471,5,179657,Chubasquero,24.1,6.168863380081335
2024-04-19,320,4,231876,Botas,26.7,5.591744678401843
2024-10-14,487,6,436652,Botas,21.5,6.096852143146148
2024-07-03,117,9,118283,Gorra,32.7,7.012587510244952
2024-08-16,397,7,369443,Gorra,29.4,5.319844861951388
2024-03-21,99,9,273777,Mochila,34.6,5.360219644985111
2024-02-09,470,7,204567,Mochila,14.6,5.655938298323279
2024-04-13,38,6,355857,Bolsa,26.5,4.291584855591191
2024-11-07,49,7,492079,Pantalones,34.2,5.407304747542034
2024-08-12,379,5,203062,Gabardina,26.8,4.99999999990048
2024-06-28,487,6,436652,Botas,15.0,5.9988336973883785
2024-02-13,249,5,499237,Mochila,20.8,4.9088376316830225
2024-12-04,397,3,369443,Gorra,18.4,5.608372593529691
2024-11-26,172,4,94043,Mochila,35.0,5.257880063275066
2024-01-24,452,10,499652,Chaqueta,29.7,3.8993325523363738
2024-07-06,346,7,464169,Chaqueta,33.0,4.64218283669322
2024-07-15,8,6,192608,Polainas,31.3,6.939536284478036
2024-01-21,370,1,282126,Polainas,18.4,5.457722405941147
2024-02-11,279,10,262617,Pantalones,23.6,4.576433046689891
2024-12-30,158,5,296156,Guantes,25.5,4.902252662212334
2024-07-03,472,8,192542,Mochila,22.0,5.688341225830442
2024-01-27,166,3,331548,Gorra,32.8,5.1147758525752325
2024-03-15,189,9,107734,Botas,18.5,7.001272858747382
2024-12-31,385,6,308851,Polainas,22.3,5.0215274733887085
2024-09-06,22,8,316078,Polainas,31.2,6.6649596838582035
2024-03-05,212,5,306060,Bolsa,25.4,5.4593746107314605
2024-03-26,468,10,331432,Poncho,31.1,4.014402701283218
2024-06-22,143,8,469325,Gorra,30.8,5.576085463533096
2024-01-11,415,4,311427,Chaqueta,34.4,4.985887762873107
2024-10-01,496,4,386382,Gorra,24.8,4.309351857539639
2024-01-07,311,2,448001,Bolsa,33.7,5.252218314085116
2024-11-18,318,1,285981,Bolsa,29.9,5.753425830206237
2024-06-23,141,8,357426,Chaqueta,32.1,5.923938356526345
2024-11-14,43,10,136709,Gabardina,19.0,6.248142162778039
2024-12-01,220,10,386647,Gabardina,24.1,6.363838228317971
2024-03-06,228,1,295853,Poncho,28.9,4.048064938763126
2024-02-20,142,1,464043,Gabardina,18.6,5.440265225189828
2024-04-10,443,4,169685,Gorra,29.9,4.9973875386677316
2024-09-23,165,6,358876,Polainas,30.7,5.446472936397527
2024-07-31,477,5,131336,Pantalones,24.8,6.672329097063349
2024-02-05,496,8,386382,Gorra,35.0,3.8607540842505923
2024-04-29,354,6,269512,Chubasquero,22.3,3.274462781040585
2024-10-10,371,9,180222,Bolsa,33.7,5.514683202566118
2024-04-30,485,7,284244,Chubasquero,31.5,4.664509898463246
2024-05-29,495,10,339858,Polainas,34.8,6.010774646896445
2024-11-05,324,5,307641,Guantes,42.4,6.9104028960003
2024-07-22,98,1,498690,Poncho,29.3,5.308144679620035
2024-12-30,122,9,95006,Botas,34.7,5.003841103332938
2024-11-19,161,9,218710,Chubasquero,22.7,4.867185461597501
2024-06-05,484,9,208157,Calcetines,24.0,6.5696329036290715
2024-06-03,172,3,94043,Mochila,27.4,5.1296417275032375
2024-10-26,376,2,451634,Paraguas,31.4,4.4652652208734676
2024-08-20,492,7,483182,Chubasquero,21.8,5.169890704687574
2024-12-21,450,3,498895,Pantalones,26.2,7.361309081365798
2024-05-06,22,6,316078,Polainas,17.6,6.644233576919049
2024-11-22,226,3,145458,Calcetines,19.0,6.489013967649327
2024-05-18,466,3,196470,Gabardina,26.9,5.4156526549434965
2024-07-30,463,10,58758,Poncho,27.7,4.82003934808969
2024-01-15,458,8,403692,Paraguas,29.6,5.765714115601723
2024-04-07,80,6,476903,Chubasquero,32.3,4.666953962314132
2024-08-08,318,7,285981,Bolsa,20.1,5.73352675204026
2024-04-09,185,3,161623,Paraguas,27.0,6.275500643809476
2024-07-16,492,7,483182,Chubasquero,34.0,4.9948837574499105
2024-06-08,474,4,54601,Poncho,32.5,4.302715442813472
2024-03-10,482,4,343098,Paraguas,36.8,6.9086921431366815
2024-10-30,40,4,482624,Chubasquero,36.5,7.221138690266225
2024-05-19,397,4,369443,Gorra,34.8,5.134474861244148
2024-11-19,295,2,200759,Pantalones,33.7,7.034290305422382
2024-10-17,10,4,122726,Chaqueta,37.8,4.369930322563093
2024-08-05,483,4,319685,Poncho,27.9,5.017770408743387
2024-01-02,451,3,295402,Calcetines,18.2,4.925571790714391
2024-12-26,15,3,119339,Paraguas,31.9,4.389347511018199
2024-02-17,223,9,100125,Guantes,32.8,5.817778010550246
2024-03-04,254,6,267953,Chaqueta,29.5,6.8038612082641245
2024-03-08,15,2,119339,Paraguas,25.5,4.079266643727566
2024-07-06,6,4,287047,Polainas,27.5,6.0354221853185495
2024-03-11,186,4,428876,Calcetines,25.7,5.612458178271609
2024-05-04,462,4,381836,Gorra,23.4,6.9235685810667515
2024-07-21,38,9,355857,Bolsa,18.4,4.506347717539314
2024-03-30,103,8,72780,Botas,22.0,5.79171193152354
2024-01-17,167,5,134958,Chubasquero,25.8,5.752646098376713
2024-06-10,463,1,58758,Poncho,24.1,4.817035070335708
2024-09-29,12,7,458547,Bolsa,35.3,5.996333432423668
2024-01-23,255,6,418831,Gorra,31.9,6.686083146417663
2024-07-08,471,9,179657,Chubasquero,21.3,6.2837343846296045
2024-11-16,218,10,100835,Guantes,34.3,5.987088967270908
2024-12-11,273,9,352025,Paraguas,20.9,5.969048870882615
2024-08-25,144,4,102529,Gorra,30.6,6.409010692847486
2024-11-29,365,5,427998,Gabardina,32.0,5.691796343367634
2024-06-28,53,7,191922,Chaqueta,15.0,7.074974584047655
2024-08-21,133,8,56127,Polainas,33.4,5.667807294656239
2024-03-07,276,1,128382,Calcetines,22.8,4.390838903396224
2024-12-14,72,2,271589,Gabardina,28.5,6.566710390225566
2024-02-16,174,9,256369,Botas,18.4,4.339010200048051
2024-08-15,135,3,194060,Bolsa,24.2,6.755533425041287
2024-01-29,352,10,86949,Mochila,36.1,5.219821212753307
2024-08-25,108,8,467844,Poncho,31.4,5.388173280377747
2024-03-29,166,7,331548,Gorra,26.7,5.265571465306802
2024-02-11,407,9,87299,Gabardina,29.0,6.850350956435103
2024-09-30,185,7,161623,Paraguas,23.3,6.526753546996848
2024-05-19,465,10,452648,Pantalones,27.2,4.415427376276937
2024-09-29,191,9,472692,Polainas,35.3,4.715896970904905
2024-09-15,142,7,464043,Gabardina,36.7,5.53858750828632
2024-10-01,425,5,178372,Bolsa,18.4,6.444365958923748
2024-01-02,348,1,351256,Bolsa,31.1,3.7682630097983063
2024-12-12,427,5,366214,Bolsa,35.0,5.005335505288393
2024-12-21,131,9,154624,Polainas,33.1,6.062559031488487
2024-11-08,331,4,57921,Mochila,34.6,2.7665807195576853
2024-12-14,332,6,73147,Paraguas,26.7,6.078433102928783
2024-01-05,421,8,490217,Chubasquero,25.3,5.153108586800334
2024-05-05,472,3,192542,Mochila,28.4,5.534279739627663
2024-12-14,476,7,228029,Calcetines,28.5,7.388968667076726
2024-06-03,493,8,256160,Chubasquero,23.4,6.611300122353868
2024-08-25,219,3,382934,Botas,33.9,5.788472326346624
2024-11-03,434,8,319770,Bolsa,19.0,5.357177331532109
2024-12-05,39,6,137491,Gabardina,23.2,6.175009891370286
2024-06-21,170,5,362012,Poncho,33.3,5.909622957894408
2024-03-27,411,1,262046,Gorra,18.1,4.678658026949878
2024-03-25,384,10,69258,Gabardina,18.4,4.887358580694013
2024-03-12,433,7,411004,Guantes,33.8,6.683923015057623
2024-01-16,289,5,199475,Gorra,30.3,4.369859489612994
2024-07-21,48,5,408117,Pantalones,18.4,4.890113437651319
2024-07-27,464,7,111534,Bolsa,23.1,5.698480246482493
2024-12-26,209,9,305746,Gorra,35.0,6.192436011658668
2024-07-15,452,2,499652,Chaqueta,26.9,4.182982594518611
2024-04-09,43,4,136709,Gabardina,18.4,5.959310593861013
2024-03-30,154,5,72408,Poncho,34.9,4.8978052313195715
2024-10-16,67,6,451233,Chubasquero,28.0,6.253174621805864
2024-09-17,143,5,469325,Gorra,25.4,5.761455464240337
2024-05-29,184,5,396833,Pantalones,34.8,4.566068415579197
2024-02-29,259,10,497191,Bolsa,30.1,5.582631679244949
2024-10-23,449,2,146112,Polainas,16.2,4.96006483632644
2024-12-25,35,9,337289,Calcetines,21.6,6.611680204476103
2024-06-26,28,7,99745,Paraguas,18.4,5.475434535170614
2024-10-02,11,7,120983,Gorra,33.2,4.943739483783735
2024-02-10,430,7,317885,Polainas,26.8,5.861814301132804
2024-05-28,320,8,231876,Botas,29.1,5.607812450040662
2024-01-04,358,7,237594,Pantalones,31.5,5.9058366559668345
2024-09-29,329,5,288777,Pantalones,30.7,4.232900561056029
2024-06-15,278,4,195023,Polainas,23.0,6.06733661006438
2024-04-15,269,8,143151,Bolsa,32.5,5.245057482036365
2024-09-09,465,3,452648,Pantalones,35.4,4.494939205697856
2024-04-15,147,10,273978,Paraguas,22.6,6.582356041796542
2024-08-03,109,10,231618,Paraguas,33.5,6.592438141626922
2024-06-02,118,5,474691,Gorra,35.4,6.18298314211697
2024-05-30,199,2,368645,Gorra,31.0,4.320373252758817
2024-04-05,459,10,176148,Bolsa,35.5,5.427082197504452
2024-05-21,58,8,348433,Chubasquero,23.2,4.129483225096953
2024-09-03,99,4,273777,Mochila,29.4,5.669996674937022
2024-12-30,499,10,167413,Polainas,25.5,6.21119462875015
2024-04-15,388,10,403714,Chubasquero,32.5,6.575359800678161
2024-03-08,396,8,478706,Pantalones,32.6,4.2651387172067174
2024-05-27,289,1,199475,Gorra,37.3,4.462434812918748
2024-10-20,422,4,144291,Gabardina,30.5,6.168317836567911
2024-02-07,301,4,397456,Bolsa,19.8,4.514703382161208
2024-09-11,300,9,291791,Paraguas,23.6,5.647769772514905
2024-10-30,166,3,331548,Gorra,36.5,5.4542495811067475
2024-01-04,154,7,72408,Poncho,29.0,4.877644557436367
2024-05-29,335,2,342738,Gorra,36.1,5.752576192401762
2024-04-20,177,3,167620,Chubasquero,18.9,6.0732250994851675
2024-05-03,461,9,377520,Chaqueta,23.9,3.2697550898313867
2024-02-19,51,6,97184,Chaqueta,32.0,4.551765013744436
2024-06-18,71,8,209216,Chaqueta,20.6,5.8803938572328365
2024-07-16,68,3,340178,Guantes,36.9,5.84274259415959
2024-01-07,468,2,331432,Poncho,27.6,3.96811503963034
2024-02-15,235,5,377399,Mochila,18.4,4.968224447315174
2024-09-08,32,1,271246,Calcetines,18.1,4.6827792374674235
2024-10-31,27,3,371708,Bolsa,29.6,4.978231934709699
2024-02-04,412,3,82995,Pantalones,23.4,4.786982615188629
2024-10-08,159,8,212806,Gorra,24.1,5.007962903190523
2024-08-05,294,10,177518,Bolsa,38.5,6.095386140615581
2024-04-16,497,10,352625,Mochila,33.1,5.220983127877798
2024-02-29,26,9,282670,Bolsa,28.3,5.219301627315885
2024-05-18,39,8,137491,Gabardina,24.3,5.867671706116409
2024-09-09,122,2,95006,Botas,35.4,4.869636453674641
2024-11-29,13,4,215067,Poncho,22.2,6.088250679583283
2024-12-23,19,10,82267,Paraguas,24.1,5.292728498697644
2024-06-03,166,6,331548,Gorra,20.5,5.459650461937267
2024-10-16,74,2,344982,Guantes,23.1,2.7712147088160113
2024-03-10,118,10,474691,Gorra,31.8,6.095589345546004
2024-02-16,352,10,86949,Mochila,30.2,5.326244817095579
2024-10-17,199,6,368645,Gorra,28.0,4.564005784513368
2024-03-28,247,2,242173,Bolsa,23.9,3.5335939394266758
2024-06-23,295,10,200759,Pantalones,35.8,6.800455394081458
2024-11-02,495,3,339858,Polainas,27.7,6.341235542166014
2024-08-02,335,8,342738,Gorra,33.7,5.905287458396911
2024-02-24,459,6,176148,Bolsa,32.6,5.3742627889091565
2024-10-13,63,1,424515,Gabardina,28.9,4.444475116550636
2024-04-11,442,3,226036,Pantalones,18.4,5.457919931481627
2024-02-20,382,1,296625,Polainas,24.5,6.439319998247194
2024-12-28,97,9,213651,Bolsa,26.0,5.335888562738507
2024-05-29,397,9,369443,Gorra,36.1,5.120322742868908
2024-07-08,195,2,127690,Poncho,35.5,5.797915449711239
2024-10-14,321,4,423664,Gorra,33.8,5.966496847367209
2024-11-21,496,5,386382,Gorra,24.0,4.360255612871355
2024-07-29,365,7,427998,Gabardina,28.5,5.561119162897772
2024-12-29,181,2,218746,Guantes,26.0,5.3651343178468265
2024-12-03,287,3,367692,Chaqueta,28.5,5.978431781915105
2024-09-25,132,3,159474,Chubasquero,28.1,6.186269171293209
2024-05-09,290,8,437995,Gabardina,34.5,4.339957823422843
2024-08-16,179,9,166568,Poncho,29.4,5.880626643671146
2024-02-29,174,2,256369,Botas,28.3,4.231236375498149
2024-06-22,13,9,215067,Poncho,19.0,5.912112866233721
2024-09-21,486,4,292587,Guantes,17.8,4.985041840854957
2024-08-13,394,5,347792,Polainas,34.3,4.262203237924805
2024-05-25,428,4,206001,Mochila,26.1,6.235592966471766
2024-12-21,403,6,379128,Gorra,32.6,4.897415587858786
2024-02-22,425,6,178372,Bolsa,35.0,5.926096218248906
2024-09-02,346,9,464169,Chaqueta,18.1,4.888777404580257
2024-07-12,252,9,409064,Poncho,24.6,4.895881289697634
2024-06-17,475,7,188329,Mochila,31.8,7.191791298264012
2024-05-28,180,10,339072,Polainas,26.7,4.090609069489456
2024-12-08,429,9,472647,Poncho,41.3,7.2040920680515095
2024-05-27,328,10,142005,Pantalones,32.1,5.850918074678128
2024-01-05,311,4,448001,Bolsa,25.3,5.343662771278972
2024-09-13,324,3,307641,Guantes,17.5,7.097080875293675
2024-07-08,471,7,179657,Chubasquero,35.5,6.129149706992372
2024-05-18,457,6,480392,Calcetines,40.5,6.744435308200496
2024-08-23,347,8,181419,Bolsa,33.0,4.749436658054542
2024-07-23,294,4,177518,Bolsa,32.7,6.116331601650466
2024-11-24,234,1,384749,Pantalones,18.4,5.678962350066125
2024-11-07,76,10,375784,Polainas,16.3,6.628884247969356
2024-09-13,254,9,267953,Chaqueta,17.5,7.187664703563442
2024-01-07,66,1,425892,Bolsa,27.6,4.787619402953783
2024-12-21,139,9,311505,Paraguas,33.1,5.530125857506783
2024-08-15,54,1,351681,Mochila,34.4,4.895004855196434
2024-07-16,49,5,492079,Pantalones,36.9,5.209132848667184
2024-06-23,138,10,326116,Calcetines,32.1,7.091077587154945
2024-06-14,119,9,364963,Pantalones,35.9,4.742710831441394
2024-12-31,160,8,51340,Pantalones,22.3,4.748717496851201
2024-08-25,290,1,437995,Gabardina,33.9,4.473073848590737
2024-11-08,164,4,264233,Pantalones,33.0,4.295624134629907
2024-01-09,136,8,434938,Polainas,29.0,5.531633688857076
2024-04-22,178,10,382144,Botas,44.2,6.253213012333918
2024-02-04,269,9,143151,Bolsa,36.4,5.118211608093662
2024-10-01,242,7,171294,Pantalones,30.1,5.756682670237114
2024-07-13,33,5,339243,Bolsa,37.7,3.6978228013041217
2024-04-20,220,5,386647,Gabardina,26.4,6.0012417897707655
2024-04-22,34,7,447789,Polainas,17.0,5.546509818225563
2024-04-21,386,5,102253,Chubasquero,24.7,4.943182817726809
2024-06-29,483,6,319685,Poncho,31.9,4.889835910310281
2024-05-01,462,2,381836,Gorra,17.6,6.986708801510128
2024-11-02,243,5,215124,Chubasquero,27.7,5.553669630572491
2024-12-26,145,6,411421,Paraguas,31.9,5.026742075589403
2024-06-18,382,5,296625,Polainas,35.7,6.486173092956021
2024-06-21,474,8,54601,Poncho,24.0,4.395248524497731
2024-10-29,174,8,256369,Botas,18.1,4.6798341487871955
2024-04-24,269,5,143151,Bolsa,22.8,5.35065405760546
2024-07-17,114,10,177272,Gabardina,32.7,5.495577282841259
2024-03-05,403,1,379128,Gorra,30.1,4.544878365442434
2024-02-04,12,4,458547,Bolsa,36.4,5.688995247169791
2024-05-21,183,6,394507,Bolsa,19.3,4.286160184445823
2024-04-15,370,6,282126,Polainas,28.6,5.4732669861455125
2024-03-02,138,10,326116,Calcetines,29.1,6.997152043641561
2024-04-04,148,5,277169,Pantalones,23.1,5.003790786671543
2024-07-19,220,5,386647,Gabardina,35.1,6.033115737331176
2024-10-20,379,5,203062,Gabardina,28.6,5.064794277890209
2024-08-08,286,7,103717,Botas,20.1,5.118368368556127
2024-12-23,442,1,226036,Pantalones,23.9,5.735603659777396
2024-05-03,347,6,181419,Bolsa,18.4,4.781791555427911
2024-05-20,237,10,208526,Polainas,32.7,6.023477394129139
2024-12-14,447,1,100121,Chaqueta,34.7,4.811118184916893
2024-01-07,37,7,223563,Chubasquero,35.0,6.876529010795611
2024-01-12,196,4,107500,Gabardina,24.3,4.1412982488837855
2024-08-23,261,2,210917,Poncho,34.0,5.11027729480039
2024-10-12,384,10,69258,Gabardina,23.5,5.127202047542902
2024-09-20,342,6,276161,Polainas,28.8,4.122060192315276
2024-06-26,24,4,459252,Guantes,18.4,4.637358393857541
2024-08-03,152,2,321173,Polainas,33.5,6.862614753986485
2024-04-20,334,9,471757,Paraguas,18.9,4.097106134730759
2024-11-23,270,3,238170,Chubasquero,31.5,5.7653806070008216
2024-05-10,348,1,351256,Bolsa,29.7,3.952282790297917
2024-01-29,90,10,494616,Chubasquero,20.1,5.959776947325581
2024-12-25,79,9,109604,Pantalones,34.1,5.574355360606349
2024-10-14,96,7,314860,Paraguas,33.8,5.562396348167226
2024-01-15,17,5,166092,Guantes,29.6,4.032935213004219
2024-10-10,165,10,358876,Polainas,33.0,5.463629332526749
2024-12-28,60,3,174656,Polainas,30.4,5.534891657893539
2024-06-23,174,2,256369,Botas,32.1,4.358647682496802
2024-07-11,397,7,369443,Gorra,21.7,5.361474188303931
2024-10-23,112,9,61304,Guantes,24.6,5.914337780577895
2024-11-05,38,2,355857,Bolsa,26.9,4.582593673489024
2024-10-04,363,6,352624,Botas,21.8,4.921143061118022
2024-04-05,340,7,401812,Botas,30.4,5.427336059709737
2024-01-04,231,6,185289,Guantes,29.0,4.554848462774062
2024-03-23,13,2,215067,Poncho,12.6,5.85520055539404
2024-06-05,71,1,209216,Chaqueta,24.0,5.843380624559133
2024-10-16,218,3,100835,Guantes,20.6,6.094035763047633
2024-04-29,92,6,188858,Gorra,39.8,6.9390890817087065
2024-07-02,249,4,499237,Mochila,33.1,4.985910616405908
2024-06-27,251,9,440870,Polainas,22.0,5.4979073003981735
2024-09-29,448,2,169025,Botas,29.6,5.52017864941271
2024-03-03,40,4,482624,Chubasquero,31.9,6.975852100965321
2024-12-14,191,6,472692,Polainas,18.4,5.026458788008496
2024-05-09,260,10,232119,Polainas,27.4,5.635657385869591
2024-11-01,383,9,222485,Gabardina,34.5,5.007819589526011
2024-01-07,288,5,268109,Bolsa,27.6,6.402942682304454
2024-12-25,402,5,229100,Poncho,21.6,7.246144923982042
2024-06-22,497,4,352625,Mochila,30.8,5.330411009974052
2024-01-02,300,2,291791,Paraguas,25.0,5.294970954381326
2024-10-13,292,2,100749,Botas,28.9,4.79180368818915
2024-03-07,316,3,172811,Chaqueta,32.4,4.481055952489026
2024-09-02,4,6,187503,Poncho,18.4,6.0521317627895925
2024-07-26,181,3,218746,Guantes,24.1,5.174844386122024
2024-07-09,346,5,464169,Chaqueta,36.2,4.6073468530003225
2024-09-27,207,2,290653,Bolsa,21.5,6.0945127786726845
2024-10-23,493,4,256160,Chubasquero,24.6,6.767015666103
2024-02-04,138,10,326116,Calcetines,23.4,7.017008880186043
2024-11-18,171,6,232150,Calcetines,18.7,4.705630916710721
2024-04-23,33,5,339243,Bolsa,29.9,3.656151233330083
2024-09-27,225,10,270965,Gorra,28.0,5.883695552106071
2024-04-07,271,10,284906,Mochila,32.3,6.716799521938862
2024-06-18,133,1,56127,Polainas,21.8,5.709698216726008
2024-06-15,143,5,469325,Gorra,40.2,5.4737547614352104
2024-06-18,142,8,464043,Gabardina,21.8,5.574208279130898
2024-09-25,172,2,94043,Mochila,30.2,5.225744519997429
2024-07-29,183,4,394507,Bolsa,34.6,4.203990156231141
2024-05-07,246,8,319984,Poncho,18.4,4.994523834882175
2024-11-05,410,3,491523,Calcetines,42.4,6.9058789832935386
2024-08-15,150,2,110927,Calcetines,24.2,6.313121225981317
2024-03-27,231,7,185289,Guantes,18.1,4.757898051044979
2024-02-04,183,5,394507,Bolsa,34.3,3.99628223265989
2024-12-03,103,9,72780,Botas,27.1,6.115944917189413
2024-06-03,7,1,207614,Bolsa,23.4,5.112672247608084
2024-01-20,400,1,278481,Gorra,24.5,5.165642774145372
2024-03-14,208,7,164720,Calcetines,27.6,6.006566062602587
2024-02-11,401,9,55889,Guantes,18.4,5.029347007355421
2024-12-22,132,3,159474,Chubasquero,32.2,6.268219845412161
2024-11-07,136,7,434938,Polainas,16.3,6.091836593223182
2024-07-17,370,10,282126,Polainas,32.7,5.555217660264463
2024-08-17,15,3,119339,Paraguas,35.8,4.178112118258513
2024-04-12,368,7,85310,Pantalones,31.4,4.351169924634229
2024-09-11,432,8,67053,Chubasquero,37.0,4.865123825384463
2024-03-04,108,4,467844,Poncho,29.5,5.197883348652945
2024-01-14,19,1,82267,Paraguas,27.4,4.792661537020932
2024-05-05,163,10,287431,Poncho,22.9,6.154632694829698
2024-02-16,102,6,106548,Mochila,18.4,4.379908939933673
2024-06-19,297,2,113706,Botas,18.4,5.706857916816642
2024-10-13,314,6,252358,Bolsa,33.3,3.723846210874839
2024-11-14,405,6,470171,Chaqueta,19.0,6.38817581385028
2024-07-06,480,6,390363,Poncho,27.5,6.572226002301446
2024-12-11,403,5,379128,Gorra,20.9,5.024784653235942
2024-06-18,321,4,423664,Gorra,21.8,5.928352748581606
2024-05-14,447,5,100121,Chaqueta,28.5,4.583249587462437
2024-08-05,278,6,195023,Polainas,13.8,6.251879581998445
2024-01-22,15,8,119339,Paraguas,20.8,4.046042475959525
2024-12-13,372,6,437132,Poncho,24.6,7.190773478293057
2024-01-04,477,5,131336,Pantalones,29.0,6.373438312015469
2024-08-10,138,8,326116,Calcetines,29.7,7.201594093741603
2024-11-27,232,8,433406,Calcetines,35.1,5.925365575553396
2024-08-03,115,7,310460,Poncho,19.1,6.073038012414189
2024-01-29,217,5,97463,Botas,26.0,4.090860315436926
2024-07-03,402,8,229100,Poncho,32.7,6.9143338085048445
2024-07-06,320,8,231876,Botas,27.5,5.709619960704094
2024-10-07,11,1,120983,Gorra,27.8,5.002525206265499
2024-03-28,376,2,451634,Paraguas,22.1,4.271143982621506
2024-05-14,274,4,494185,Gorra,28.5,4.6447469489044
2024-07-15,230,2,317462,Mochila,31.3,5.548238935738618
2024-03-19,284,9,423055,Guantes,40.6,4.323476129462716
2024-12-30,300,4,291791,Paraguas,23.7,5.773265426249978
2024-02-22,112,9,61304,Guantes,18.4,5.644274423714949
2024-08-27,137,3,174466,Mochila,21.4,5.555861238986607
2024-03-12,373,6,171428,Mochila,30.7,4.907726169974809
2024-07-23,389,5,82070,Gabardina,32.7,5.384862052209596
2024-03-04,21,6,276159,Botas,18.4,6.485448137072799
2024-06-02,235,5,377399,Mochila,18.7,5.133737611477933
2024-01-24,192,3,58345,Guantes,32.5,4.2199717912981365
2024-01-09,99,2,273777,Mochila,24.0,5.391224322150851
2024-01-15,173,9,307499,Mochila,29.6,4.537211404034166
2024-03-30,125,7,131203,Chubasquero,34.9,6.688258989657716
2024-07-29,11,1,120983,Gorra,15.3,5.012018989340404
2024-10-23,208,6,164720,Calcetines,33.6,6.236611909037849
2024-01-10,12,9,458547,Bolsa,25.2,5.76872643068644
2024-01-10,198,8,310166,Pantalones,18.4,6.749035894944333
2024-06-03,366,2,417067,Bolsa,24.0,5.5872176232884865
2024-05-29,436,6,263142,Guantes,31.6,5.303934684316314
2024-06-29,491,1,331871,Pantalones,23.8,5.945425321304881
2024-04-27,413,8,64159,Polainas,34.8,6.475040699336712
2024-09-24,429,9,472647,Poncho,33.7,7.160243251096665
2024-01-29,226,4,145458,Calcetines,36.1,5.880911585705486
2024-05-12,279,1,262617,Pantalones,23.9,4.699751451444158
2024-06-05,173,4,307499,Mochila,18.4,4.870111144001767
2024-08-21,155,4,406792,Gabardina,34.4,4.1182104855747665
2024-03-04,9,8,76671,Paraguas,18.4,5.947292289211462
2024-04-09,208,6,164720,Calcetines,18.4,6.14891427512816
2024-10-07,182,4,106363,Botas,27.8,7.345412394302424
2024-10-06,289,2,199475,Gorra,23.1,4.82799328759844
2024-01-23,136,7,434938,Polainas,18.4,5.647027884839799
2024-08-19,484,10,208157,Calcetines,30.7,6.581084581589052
2024-01-18,471,3,179657,Chubasquero,36.2,5.868360779108599
2024-09-27,250,10,343087,Pantalones,21.5,6.321332874958857
2024-04-12,360,7,337113,Mochila,35.1,6.139416093216179
2024-08-06,315,2,454178,Pantalones,23.6,4.349644379718229
2024-10-16,76,4,375784,Polainas,29.6,6.441902431337259
2024-11-08,77,6,372890,Gorra,22.6,6.385611781429411
2024-01-30,363,4,352624,Botas,25.9,4.496756622335068
2024-04-29,218,1,100835,Guantes,22.3,5.822360590259829
2024-10-16,248,5,63320,Pantalones,28.0,5.569006728402345
2024-06-29,415,10,311427,Chaqueta,25.0,5.299192262013452
2024-01-10,381,9,415279,Guantes,25.2,5.68265468993052
2024-10-14,257,5,319734,Chaqueta,25.8,7.159293973116721
2024-09-19,189,9,107734,Botas,20.1,7.237023423351885
2024-06-27,469,3,233193,Mochila,20.6,5.674425520913891
2024-08-10,359,9,303050,Guantes,18.4,5.7395595480550945
2024-05-29,356,9,496861,Gabardina,31.6,5.849123191787037
2024-11-29,360,4,337113,Mochila,32.0,6.468526768278117
2024-04-29,57,2,57649,Gorra,39.8,4.520824146313473
2024-06-15,294,3,177518,Bolsa,15.0,6.266823377043313
2024-01-10,215,5,143196,Gorra,34.9,4.170681835866821
2024-03-04,12,5,458547,Bolsa,29.5,5.806305096416093
2024-09-27,216,5,50877,Mochila,21.5,5.908736784819789
2024-09-11,417,6,265113,Poncho,30.9,7.076490025227857
2024-03-30,270,4,238170,Chubasquero,34.9,5.390809299059182
2024-04-21,45,3,480014,Polainas,24.7,4.085708915401142
2024-12-21,370,1,282126,Polainas,33.1,5.761836959345311
2024-04-25,170,8,362012,Poncho,25.3,5.912323398309667
2024-10-05,198,9,310166,Pantalones,28.3,7.02101490507086
2024-07-24,25,2,383860,Gorra,18.4,3.7235690362215297
2024-02-29,453,2,80932,Mochila,28.3,4.207241459119862
2024-01-22,441,8,447254,Botas,25.1,5.2412123969060325
2024-05-02,48,5,408117,Pantalones,18.9,4.80028079638232
2024-06-20,218,1,100835,Guantes,24.2,5.8860662437591555
2024-03-28,6,7,287047,Polainas,23.4,5.911276751791107
2024-09-25,52,4,126299,Pantalones,18.4,5.825245459340953
2024-10-23,111,2,282379,Mochila,16.2,5.084747117155925
2024-10-30,445,9,140584,Paraguas,23.3,6.053792059723775
2024-11-02,222,9,385962,Poncho,29.4,4.83978020436998
