id,pedido_id,ciudad,fecha,lat,lon,temp_max,temp_min,precipitacion,nota
1,1,Fengqiao,2024-12-12,29.790376,120.415189,35.0,26.7,0.2,clima_actual_usado
2,2,Boronów,2024-05-18,50.6738627,18.9038311,24.0,14.6,34.8,clima_actual_usado
3,3,Phoenix,2024-07-06,33.4484367,-112.074141,44.3,32.3,0.0,clima_actual_usado
4,4,Kilcullen,2024-05-02,53.1305819,-6.7456446,18.9,11.6,0.0,clima_actual_usado
5,5,Liwan,2024-01-04,23.1100378,113.2136488,31.5,26.6,56.4,clima_actual_usado
6,6,Pedra Branca,2024-03-08,-5.455674,-39.7166286,31.2,20.7,0.0,clima_actual_usado
7,7,Le Port,2024-08-12,42.8662832,1.3740316,22.1,13.0,0.0,clima_actual_usado
8,8,Bogotá,2024-06-03,4.653384,-74.0836332,18.4,11.5,0.0,clima_actual_usado
9,9,Bouaké,2024-06-26,7.6890212,-5.0283552,26.2,21.9,3.1,clima_actual_usado
10,10,Umeå,2024-04-12,63.8256568,20.2630745,27.9,18.4,3.1,clima_actual_usado
11,11,Sampués,2024-06-25,9.1845583,-75.3802368,31.5,25.5,1.0,clima_actual_usado
12,12,Puconci,2024-05-07,46.7043348,16.1550852,24.3,14.2,21.3,clima_actual_usado
13,13,Muchkapskiy,2024-11-28,51.8473199,42.4699106,31.9,18.9,0.0,clima_actual_usado
14,14,Mangochi,2024-12-10,-14.4805084,35.2606129,22.0,11.9,0.0,clima_actual_usado
15,15,Bogotá,2024-06-06,4.653384,-74.0836332,18.4,11.5,0.0,clima_actual_usado
16,16,Saint-Rémy-de-Provence,2024-05-12,43.7885782,4.8317498,28.9,17.2,0.0,clima_actual_usado
17,17,Schiltigheim,2024-09-13,48.6047148,7.7484488,21.9,15.2,17.7,clima_actual_usado
18,18,Perdões,2024-07-07,-21.0919737,-45.0903543,24.7,8.5,0.0,clima_actual_usado
19,19,Bogotá,2024-05-18,4.653384,-74.0836332,18.4,11.5,0.0,clima_actual_usado
20,20,Lianhe,2024-01-29,23.1937314,113.4351798,32.6,27.1,55.4,clima_actual_usado
21,21,Ar Rawnah,2024-05-14,18.2269735,42.8047881,28.5,20.3,2.9,clima_actual_usado
22,22,Barrio San Luis,2024-11-14,5.8347007,-73.021215,19.0,7.9,0.0,clima_actual_usado
23,23,Ginowan,2024-06-16,26.2814968,127.7784916,29.8,27.8,1.7,clima_actual_usado
24,24,Forestville,2024-03-08,38.8451131,-76.8749722,25.5,17.6,0.0,clima_actual_usado
25,25,Toutuo,2024-03-07,28.6288514,121.1414232,33.9,26.8,6.6,clima_actual_usado
26,26,Lykóvrysi,2024-12-03,38.0682001,23.7800629,32.5,22.1,0.0,clima_actual_usado
27,27,Corinto,2024-10-02,-18.363056,-44.456111,26.2,8.1,0.0,clima_actual_usado
28,28,Furongqiao,2024-04-19,29.5112595,110.2932723,36.1,25.1,0.0,clima_actual_usado
29,29,Semenivka,2024-02-11,52.17853,32.57755,26.3,15.4,0.0,clima_actual_usado
30,30,Nouvelle France,2024-12-04,-20.3746336,57.5681814,24.8,20.2,0.2,clima_actual_usado
31,31,Waingapu,2024-06-11,-9.652179,120.2636908,29.7,26.1,0.9,clima_actual_usado
32,32,Topeka,2024-02-06,39.049011,-95.677556,25.3,14.9,0.0,clima_actual_usado
33,33,Chongmin,2024-08-29,21.7637644,108.2661438,32.6,26.5,1.1,clima_actual_usado
34,34,Bogotá,2024-02-11,4.653384,-74.0836332,18.4,11.5,0.0,clima_actual_usado
35,35,Huagang,2024-10-10,31.6314998,117.0502943,33.7,25.5,2.1,clima_actual_usado
36,36,Linköping,2024-07-24,58.4098135,15.6245252,25.8,13.5,5.2,clima_actual_usado
37,37,Jasieniec,2024-02-11,51.6570593,21.2749579,23.6,14.8,0.0,clima_actual_usado
38,38,Pederneiras,2024-06-01,-22.351086,-48.778113,27.6,13.8,0.0,clima_actual_usado
39,39,Libu,2024-07-01,2.0201111,30.7159167,23.5,13.9,3.2,clima_actual_usado
40,40,Jambangan,2024-04-21,-7.3243305,112.7157207,34.3,24.7,0.0,clima_actual_usado
41,41,Leskolovo,2024-03-15,60.272068,30.462023,21.1,13.4,5.6,clima_actual_usado
42,42,Kitakami,2024-08-13,39.2866832,141.1135121,34.3,23.9,18.2,clima_actual_usado
43,43,Layu,2024-12-10,29.147079,91.6704201,24.6,13.0,0.3,clima_actual_usado
44,44,Rudong,2024-03-15,32.3339582,121.1802502,30.4,26.0,12.5,clima_actual_usado
45,45,Bogotá,2024-09-02,4.653384,-74.0836332,18.4,11.5,0.0,clima_actual_usado
46,46,Xin’an,2024-06-21,34.8333051,112.1167048,33.3,26.2,0.0,clima_actual_usado
47,47,Lens,2024-02-18,50.4291723,2.8319805,19.2,12.7,5.7,clima_actual_usado
48,48,Holboo,2024-10-01,41.206501,112.9345067,24.8,16.0,0.4,clima_actual_usado
49,49,Lianhua,2024-03-21,27.1309075,113.956146,34.6,25.6,0.0,clima_actual_usado
50,50,Tayirove,2024-11-06,46.367195,30.651262,29.5,21.9,0.0,clima_actual_usado
51,51,Venëv,2024-03-28,54.3504,38.2656,23.9,15.3,0.2,clima_actual_usado
52,52,Ocampo,2024-02-25,13.5581721,123.3729397,31.5,25.4,0.0,clima_actual_usado
53,53,Skhirat,2024-05-09,33.850672,-7.028026,27.4,21.2,0.0,clima_actual_usado
54,54,Xomong,2024-10-17,31.0244424,91.6771616,14.9,7.0,5.5,clima_actual_usado
55,55,Mataya,2024-06-03,1.0560781,34.3692483,27.4,18.6,0.1,clima_actual_usado
56,56,Sanhe,2024-03-17,39.9815552,117.0714873,32.3,24.3,15.8,clima_actual_usado
57,57,Chitral,2024-04-01,35.850889,71.7901897,27.6,14.5,0.0,clima_actual_usado
58,58,Nakhon Pathom,2024-02-04,13.8190071,100.0639917,36.4,26.2,0.0,clima_actual_usado
59,59,São Bernardo do Campo,2024-04-19,-23.7080345,-46.5506747,23.8,12.1,0.0,clima_actual_usado
60,60,Yangkou,2024-09-17,37.2620482,118.8586021,30.6,26.9,0.0,clima_actual_usado
61,61,Lenger,2024-12-18,36.2466127,33.1539843,26.3,18.6,0.0,clima_actual_usado
62,62,Igarapé Miri,2024-04-16,-1.9785213,-48.9634826,33.1,22.1,0.0,clima_actual_usado
63,63,Pichilemu,2024-04-09,-34.3851693,-72.0046606,13.1,11.5,5.3,clima_actual_usado
64,64,Badou,2024-02-29,7.583278,0.607424,28.3,21.9,5.7,clima_actual_usado
65,65,Bogotá,2024-01-09,4.653384,-74.0836332,18.4,11.5,0.0,clima_actual_usado
66,66,Şafāshahr,2024-03-23,30.6114269,53.1912987,30.9,17.5,0.0,clima_actual_usado
67,67,Nankeng,2024-08-21,26.603904,115.668207,32.1,25.5,1.4,clima_actual_usado
68,68,Buchanan,2024-07-19,33.8026048,-85.1885607,27.0,21.2,0.4,clima_actual_usado
69,69,Tambilil,2024-08-25,5.9748169,124.6755477,31.4,25.5,4.7,clima_actual_usado
70,70,Toshbuloq,2024-06-18,40.9250586,71.5890981,35.7,21.8,0.0,clima_actual_usado
71,71,General Santos,2024-02-22,6.1122217,125.1721893,33.2,23.3,1.4,clima_actual_usado
72,72,Granville,2024-06-10,48.8376296,-1.5959177,20.6,13.5,0.0,clima_actual_usado
73,73,Grenoble,2024-06-22,45.1875602,5.7357819,24.5,16.3,0.2,clima_actual_usado
74,74,Hlybokaye,2024-02-15,55.139235,27.6845787,24.2,13.9,0.5,clima_actual_usado
75,75,Nicasio,2024-04-05,-15.2355119,-70.260922,15.0,-5.2,0.0,clima_actual_usado
76,76,Henghe,2024-03-24,35.3610252,112.1516029,29.3,19.8,0.0,clima_actual_usado
77,77,Qiansuo,2024-09-23,40.0930234,119.9452543,30.8,24.5,0.5,clima_actual_usado
78,78,Bogotá,2024-01-23,4.653384,-74.0836332,18.4,11.5,0.0,clima_actual_usado
79,79,Kavajë,2024-02-07,41.1834239,19.5599485,30.7,17.5,0.0,clima_actual_usado
80,80,Bogotá,2024-12-09,4.653384,-74.0836332,18.4,11.5,0.0,clima_actual_usado
81,81,Hagonoy,2024-01-27,14.8355035,120.7335206,34.3,22.7,0.0,clima_actual_usado
82,82,Estreito Câmara de Lobos,2024-05-12,32.6710994,-16.9799729,23.3,18.0,0.0,clima_actual_usado
83,83,Bogotá,2024-12-08,4.653384,-74.0836332,18.4,11.5,0.0,clima_actual_usado
84,84,Karangmelok,2024-09-06,-8.0409507,113.828152,31.2,21.3,0.0,clima_actual_usado
85,85,Bogotá,2024-03-25,4.653384,-74.0836332,18.4,11.5,0.0,clima_actual_usado
86,86,Casuguran,2024-02-04,14.7145251,122.3677076,30.4,28.5,0.0,clima_actual_usado
87,87,Cabedelo,2024-12-05,-6.97324,-34.8351609,29.2,22.0,0.4,clima_actual_usado
88,88,Dzoraghbyur,2024-05-01,40.2025754,44.6388574,36.9,23.1,0.0,clima_actual_usado
89,89,Sablé-sur-Sarthe,2024-08-14,47.8400712,-0.3352048,22.9,9.2,0.0,clima_actual_usado
90,90,Changqiao,2024-07-09,33.9412587,113.3537747,36.2,26.0,0.0,clima_actual_usado
91,91,Lazeshchyna,2024-12-12,48.273304,24.413906,24.2,10.2,0.0,clima_actual_usado
92,92,Nanfeng,2024-10-29,27.2213228,116.5202101,32.2,24.9,6.9,clima_actual_usado
93,93,Dobřany,2024-05-21,49.6554407,13.2908386,19.3,12.4,6.8,clima_actual_usado
94,94,Jaboatão dos Guararapes,2024-09-19,-8.1752476,-34.9468716,26.8,21.7,1.0,clima_actual_usado
95,95,Cheb,2024-01-29,50.0793511,12.3703526,20.1,12.4,0.0,clima_actual_usado
96,96,Saint John,2024-05-22,45.2787992,-66.0585188,24.3,9.7,0.0,clima_actual_usado
97,97,Asbest,2024-07-16,57.0052746,61.4580765,24.1,12.6,0.1,clima_actual_usado
98,98,Xiema,2024-09-13,31.618137,111.17182,32.9,23.5,0.0,clima_actual_usado
99,99,Rupe,2024-02-21,43.8950918,15.9416379,30.6,17.5,0.0,clima_actual_usado
100,100,Ufa,2024-03-15,54.7261409,55.947499,28.9,17.4,0.0,clima_actual_usado
101,101,Leshukonskoye,2024-12-16,64.902481,45.767242,30.7,16.9,0.0,clima_actual_usado
102,102,San Luis,2024-05-28,38.6280278,-90.1910154,26.7,16.3,0.0,clima_actual_usado
103,103,Huyuan,2024-03-07,29.813533,119.944289,32.6,24.7,0.6,clima_actual_usado
104,104,Bogotá,2024-06-05,4.653384,-74.0836332,18.4,11.5,0.0,clima_actual_usado
105,105,Libu,2024-11-14,2.0201111,30.7159167,23.5,13.9,3.2,clima_actual_usado
106,106,Paris 15,2024-06-27,48.8411228,2.2927657,22.0,14.1,0.0,clima_actual_usado
107,107,Osvaldo Cruz,2024-06-03,-21.7962773,-50.879119,30.7,17.9,0.0,clima_actual_usado
108,108,Poja,2024-05-27,-7.0121477,113.9007512,32.1,26.5,0.1,clima_actual_usado
109,109,Labytnangi,2024-09-20,66.6615094,66.3810869,14.4,5.1,0.0,clima_actual_usado
110,110,Sukawaris,2024-07-05,-6.8156478,105.8645948,31.2,23.9,0.0,clima_actual_usado
111,111,Ptení,2024-01-23,49.5116296,16.9610991,24.8,14.1,18.2,clima_actual_usado
112,112,Yefremov,2024-06-29,53.141834,38.116188,25.0,15.3,0.0,clima_actual_usado
113,113,Bontang Baru,2024-10-01,0.1449431,117.4935089,31.0,24.5,4.6,clima_actual_usado
114,114,Moshenskoye,2024-08-10,58.512428,34.5849085,20.9,14.8,8.9,clima_actual_usado
115,115,Almaguer North,2024-08-11,16.367799,121.1001968,29.0,20.3,0.0,clima_actual_usado
116,116,Niquelândia,2024-10-27,-14.4648655,-48.4572244,32.8,15.6,0.0,clima_actual_usado
117,117,Volodarka,2024-06-17,49.5224979,29.9280475,27.5,16.3,0.0,clima_actual_usado
118,118,Atouguia,2024-07-02,39.6461303,-8.6231574,33.1,15.2,0.0,clima_actual_usado
119,119,Cibatu,2024-09-20,-7.1013954,107.9787745,29.4,19.8,0.0,clima_actual_usado
120,120,Selianítika,2024-01-05,38.2829212,22.0275058,32.3,24.0,0.0,clima_actual_usado
121,121,Alastaro,2024-03-09,60.9525637,22.8629077,23.2,13.1,0.4,clima_actual_usado
122,122,Youlongchuan,2024-07-23,33.8883154,105.8836934,32.7,23.7,0.0,clima_actual_usado
123,123,Baihe,2024-07-13,32.7188587,109.9247843,33.6,24.3,0.0,clima_actual_usado
124,124,Ilama,2024-09-17,15.0677798,-88.2219915,29.7,23.3,2.2,clima_actual_usado
125,125,Ol Kalou,2024-04-22,-0.2672966,36.378065,19.0,10.2,0.8,clima_actual_usado
126,126,Lincheng,2024-05-06,26.6499922,106.6246178,30.1,20.5,0.0,clima_actual_usado
127,127,Matam,2024-07-14,15.656563,-13.255916,33.9,25.7,2.7,clima_actual_usado
128,128,Lyon,2024-12-05,45.7578137,4.8320114,23.2,15.5,0.8,clima_actual_usado
129,129,Bogotá,2024-12-31,4.653384,-74.0836332,18.4,11.5,0.0,clima_actual_usado
130,130,Kil,2024-03-27,54.3227085,10.135555,20.4,14.9,6.6,clima_actual_usado
131,131,Suru,2024-05-31,59.4213988,25.7728851,25.0,14.8,0.2,clima_actual_usado
132,132,San Juan,2024-08-02,-31.5370909,-68.5251802,16.3,7.6,0.0,clima_actual_usado
133,133,Bertioga,2024-12-23,-23.848568,-46.139586,24.1,16.9,0.0,clima_actual_usado
134,134,Jardim do Seridó,2024-06-08,-6.59043,-36.7736039,32.5,21.6,0.0,clima_actual_usado
135,135,Tuupovaara,2024-04-19,62.486946,30.6188041,26.7,14.8,0.4,clima_actual_usado
136,136,Wanliang,2024-12-21,42.4325043,127.2901665,28.2,19.1,0.4,clima_actual_usado
137,137,Dayuan,2024-01-23,25.063889,121.195277,31.9,28.3,0.0,clima_actual_usado
138,138,Challans,2024-06-20,46.847943,-1.8773787,24.2,11.5,0.0,clima_actual_usado
139,139,Narong,2024-12-23,-38.0300982,142.6167442,15.6,-1.0,0.0,clima_actual_usado
140,140,Isesaki,2024-03-10,36.3111734,139.1968083,36.8,25.4,1.5,clima_actual_usado
141,141,Muzhijie,2024-07-16,33.9596,112.163,34.0,23.3,0.0,clima_actual_usado
142,142,San Bartolomé Milpas Altas,2024-10-16,14.6061073,-90.67881,20.6,14.8,3.1,clima_actual_usado
143,143,Soure,2024-02-08,-0.7275759,-48.5189785,31.6,22.5,0.0,clima_actual_usado
144,144,Parzęczew,2024-01-11,51.94893,19.20716,25.0,14.1,13.5,clima_actual_usado
145,145,El Espino,2024-02-13,6.4825581,-72.4952026,20.8,12.0,0.0,clima_actual_usado
146,146,Medang,2024-06-27,-6.266547,106.6120278,33.5,23.5,0.0,clima_actual_usado
147,147,Lélouma,2024-07-31,11.4257233,-12.6828521,24.8,20.0,14.7,clima_actual_usado
148,148,São João de Meriti,2024-06-11,-22.7853575,-43.366715,26.3,12.5,0.0,clima_actual_usado
149,149,Sydney,2024-06-28,-33.8698439,151.2082848,15.0,13.0,23.7,clima_actual_usado
150,150,Bamako,2024-09-25,12.649319,-8.000337,28.1,23.0,8.6,clima_actual_usado
151,151,Bouctouche,2024-12-17,46.4735119,-64.7236147,25.2,9.5,0.0,clima_actual_usado
152,152,Harrisburg,2024-12-15,40.2663107,-76.8861122,26.6,14.0,0.0,clima_actual_usado
153,153,Ueda,2024-03-12,36.4021192,138.2490506,32.5,22.2,0.5,clima_actual_usado
154,154,Bogotá,2024-01-21,4.653384,-74.0836332,18.4,11.5,0.0,clima_actual_usado
155,155,Huillapima,2024-05-17,-28.7260478,-65.9788401,18.4,10.1,0.0,clima_actual_usado
156,156,Sukodono,2024-12-18,-7.398796,112.6638331,34.8,23.5,0.0,clima_actual_usado
157,157,Madrid,2024-11-08,40.4167047,-3.7035825,34.6,21.0,0.3,clima_actual_usado
158,158,Kangping,2024-02-29,42.7358876,123.3447181,30.1,23.5,17.5,clima_actual_usado
159,159,Santa Teresa,2024-04-21,-22.9215542,-43.1860269,24.7,16.2,0.0,clima_actual_usado
160,160,Perdões,2024-08-03,-21.0919737,-45.0903543,24.7,8.5,0.0,clima_actual_usado
161,161,Aizhai,2024-03-23,28.326231,109.594524,35.6,24.9,0.0,clima_actual_usado
162,162,Bogotá,2024-05-01,4.653384,-74.0836332,18.4,11.5,0.0,clima_actual_usado
163,163,Ābdānān,2024-11-29,32.9901681,47.4221887,42.6,30.7,0.0,clima_actual_usado
164,164,Bogotá,2024-09-25,4.653384,-74.0836332,18.4,11.5,0.0,clima_actual_usado
165,165,Sundsvall,2024-08-20,62.3907552,17.3071024,21.8,16.6,9.2,clima_actual_usado
166,166,Bogotá,2024-04-09,4.653384,-74.0836332,18.4,11.5,0.0,clima_actual_usado
167,167,Tamel,2024-04-25,41.5496246,-8.5923517,32.2,15.9,0.0,clima_actual_usado
168,168,Odrinhas,2024-11-10,38.883072,-9.3713154,23.1,14.4,0.0,clima_actual_usado
169,169,Jiangfeng,2024-05-25,28.6354807,108.9287972,35.3,24.6,0.0,clima_actual_usado
170,170,Iparia,2024-08-05,-8.9502289,-74.6840053,32.3,20.1,0.0,clima_actual_usado
171,171,Pamakayo,2024-08-30,-8.4374939,122.9862616,32.2,25.4,0.0,clima_actual_usado
172,172,Konstantinovo,2024-08-29,55.5469752,41.0222479,27.2,16.9,1.9,clima_actual_usado
173,173,Chiţcani,2024-07-03,46.4525932,27.7818843,30.7,15.3,0.0,clima_actual_usado
174,174,Mesa,2024-11-24,33.4151005,-111.831455,44.3,30.6,0.0,clima_actual_usado
175,175,Stare Kurowo,2024-04-15,52.8572,15.67243,22.6,14.7,0.0,clima_actual_usado
176,176,Huangzhai,2024-08-21,29.4478663,119.9981736,34.4,25.5,1.5,clima_actual_usado
177,177,Ballybofey,2024-06-02,54.7990639,-7.7819496,18.7,12.3,2.0,clima_actual_usado
178,178,Dicamay,2024-05-26,16.7487083,121.9940644,35.7,24.4,4.3,clima_actual_usado
179,179,Cangkuang,2024-02-27,-7.1031159,107.9111714,29.7,18.5,0.0,clima_actual_usado
180,180,Vykhino-Zhulebino,2024-11-17,55.6996741,37.831375,23.8,16.5,0.8,clima_actual_usado
181,181,Bogotá,2024-08-31,4.653384,-74.0836332,18.4,11.5,0.0,clima_actual_usado
182,182,Oliveira,2024-03-07,-20.6971953,-44.8273969,22.8,10.4,0.0,clima_actual_usado
183,183,Tumpang,2024-08-29,-8.0067552,112.7615518,27.0,18.6,0.0,clima_actual_usado
184,184,Žabčice,2024-01-10,49.0115967,16.6025722,25.2,13.9,11.7,clima_actual_usado
185,185,Poigar,2024-09-16,1.01976,124.3081313,31.8,29.6,0.0,clima_actual_usado
186,186,Bogotá,2024-07-21,4.653384,-74.0836332,18.4,11.5,0.0,clima_actual_usado
187,187,Revolucion Verde,2024-11-24,23.8037185,-98.9324208,38.3,25.1,0.0,clima_actual_usado
188,188,Xin’an,2024-07-15,34.8333051,112.1167048,33.3,26.2,0.0,clima_actual_usado
189,189,Bom Conselho,2024-11-01,-9.169191,-36.685683,21.9,18.0,7.1,clima_actual_usado
190,190,Viña del Mar,2024-08-05,-33.0244535,-71.5517636,13.8,12.0,6.0,clima_actual_usado
191,191,Loma,2024-01-20,48.6302832,-98.5328984,24.5,13.5,0.0,clima_actual_usado
192,192,Xiashixiang,2024-11-11,23.83232,112.219662,30.8,25.7,33.1,clima_actual_usado
193,193,Yeosu,2024-01-16,34.7546257,127.659859,30.3,25.1,0.8,clima_actual_usado
194,194,Manggis,2024-03-05,4.9545377,114.9631654,30.1,25.8,24.2,clima_actual_usado
195,195,Xijiadian,2024-10-23,32.7521414,111.1780602,36.5,26.9,0.0,clima_actual_usado
196,196,Picos,2024-09-11,-7.0823544,-41.4685053,33.7,22.1,0.0,clima_actual_usado
197,197,Vilémov,2024-02-05,49.815562,15.5359341,21.4,12.4,28.4,clima_actual_usado
198,198,Dongdajie,2024-10-06,37.926625,102.6390855,30.4,22.3,6.0,clima_actual_usado
199,199,Khondāb,2024-02-05,34.3933112,49.1840004,36.7,21.8,0.0,clima_actual_usado
200,200,Bogotá,2024-02-12,4.653384,-74.0836332,18.4,11.5,0.0,clima_actual_usado
201,201,Pietermaritzburg,2024-08-05,-29.6,30.3788889,16.6,3.3,0.0,clima_actual_usado
202,202,Bogotá,2024-04-14,4.653384,-74.0836332,18.4,11.5,0.0,clima_actual_usado
203,203,Lyon,2024-05-21,45.7578137,4.8320114,23.2,15.5,0.8,clima_actual_usado
204,204,Biguaçu,2024-01-15,-27.4961277,-48.6542432,23.5,13.6,0.0,clima_actual_usado
205,205,Skalánion,2024-05-24,35.2890907,25.185216,27.6,23.5,0.0,clima_actual_usado
206,206,Catarman,2024-07-08,12.499648,124.6364767,35.5,23.2,0.0,clima_actual_usado
207,207,Pasirpanjang,2024-04-09,-7.3640114,108.3151972,31.6,21.8,0.0,clima_actual_usado
208,208,Strumica,2024-04-30,41.4390081,22.6374139,31.5,20.2,0.0,clima_actual_usado
209,209,Fanrong,2024-10-12,47.9993526,122.7441118,23.5,18.2,36.4,clima_actual_usado
210,210,Tiancheng,2024-02-28,30.8688,108.369,38.0,28.4,0.0,clima_actual_usado
211,211,Tuusula,2024-05-18,60.4017496,25.0280695,24.3,15.8,1.3,clima_actual_usado
212,212,Jiuquan,2024-12-25,39.7321262,98.4936839,32.4,19.0,14.1,clima_actual_usado
213,213,Juntang,2024-08-05,31.3416506,107.6242426,38.5,28.7,0.0,clima_actual_usado
214,214,La Romana,2024-09-29,38.3672767,-0.8968792,30.7,19.1,0.0,clima_actual_usado
215,215,Dimayon,2024-05-15,8.052083,124.1924009,29.9,22.0,5.2,clima_actual_usado
216,216,Sumberejo,2024-12-21,-3.0558982,102.9900205,32.0,24.7,8.6,clima_actual_usado
217,217,Bi’r Ḩāt,2024-01-15,17.321749,52.096009,39.7,26.7,0.0,clima_actual_usado
218,218,Suḩayl Shibām,2024-11-05,15.914479,48.63864,42.4,32.5,0.1,clima_actual_usado
219,219,Bogotá,2024-05-23,4.653384,-74.0836332,18.4,11.5,0.0,clima_actual_usado
220,220,København,2024-03-28,55.6867243,12.5700724,22.0,17.6,1.7,clima_actual_usado
221,221,Pegões,2024-01-27,38.6837874,-8.6115414,34.5,15.8,0.0,clima_actual_usado
222,222,Mîndreşti,2024-08-22,47.50279,28.2783655,30.6,19.5,0.0,clima_actual_usado
223,223,Huddinge,2024-01-31,59.216667,18.0,22.3,15.3,0.0,clima_actual_usado
224,224,Zaña,2024-10-08,-6.9240388,-79.5835586,21.3,17.4,0.0,clima_actual_usado
225,225,Coutances,2024-10-11,49.047792,-1.4454857,19.6,12.1,0.0,clima_actual_usado
226,226,Illintsi,2024-08-22,49.1136358,29.2024356,27.4,16.1,0.0,clima_actual_usado
227,227,Huillapima,2024-01-29,-28.7260478,-65.9788401,18.4,10.1,0.0,clima_actual_usado
228,228,Melati,2024-06-22,1.2854,120.8227,30.8,25.2,11.7,clima_actual_usado
229,229,Dongtundu,2024-06-23,28.1927827,113.0328368,35.8,27.8,0.0,clima_actual_usado
230,230,Nedašov,2024-10-23,49.1077847,18.0703558,24.6,15.1,16.8,clima_actual_usado
231,231,Creighton,2024-09-29,54.7449167,-101.9088396,29.6,18.0,0.0,clima_actual_usado
232,232,Bogotá,2024-04-05,4.653384,-74.0836332,18.4,11.5,0.0,clima_actual_usado
233,233,Kryvichy,2024-06-21,54.7141707,27.2895903,24.0,14.0,0.0,clima_actual_usado
234,234,La Estrella,2024-08-24,39.6898035,-5.0933003,37.0,21.6,0.0,clima_actual_usado
235,235,Kopen,2024-06-21,-7.5742444,110.628848,34.1,22.8,0.0,clima_actual_usado
236,236,Cabanilla,2024-03-08,-15.6203163,-70.345873,13.2,-5.0,0.0,clima_actual_usado
237,237,Yamaranguila,2024-09-27,14.2830058,-88.2416487,28.0,18.8,0.0,clima_actual_usado
238,238,Staraya Kulatka,2024-06-01,52.7313796,47.6207042,29.0,18.3,0.1,clima_actual_usado
239,239,Vardablur,2024-05-19,39.6272406,44.0564682,34.8,18.6,0.0,clima_actual_usado
240,240,Odintsovo,2024-02-18,55.678223,37.2668096,22.5,15.2,0.9,clima_actual_usado
241,241,Chwałowice,2024-05-10,50.558789,20.6155626,22.9,15.5,7.7,clima_actual_usado
242,242,Göteborg,2024-07-08,57.7072326,11.9670171,21.3,15.5,0.6,clima_actual_usado
243,243,Al Khafjī,2024-11-09,28.4225409,48.4927814,45.0,37.5,0.0,clima_actual_usado
244,244,Sabangan,2024-01-04,17.0035277,120.9236583,29.0,21.6,0.3,clima_actual_usado
245,245,Bellevue,2024-10-22,47.6144219,-122.192337,23.0,14.5,0.0,clima_actual_usado
246,246,Mazhonghe,2024-11-22,42.7119577,124.030366,30.1,23.6,10.0,clima_actual_usado
247,247,Bečej,2024-08-23,45.6153745,20.0490085,33.0,18.4,0.1,clima_actual_usado
248,248,Washington,2024-06-15,38.8950368,-77.0365427,26.9,17.6,0.0,clima_actual_usado
249,249,Motala,2024-12-08,58.5420395,15.041261,23.0,12.8,10.7,clima_actual_usado
250,250,Troyan,2024-02-11,42.8910697,24.7123534,29.0,17.0,0.0,clima_actual_usado
251,251,Taikang,2024-04-20,34.0664561,114.8323878,36.2,26.6,0.0,clima_actual_usado
252,252,Erie,2024-01-29,42.1294712,-80.0852695,23.8,11.9,0.0,clima_actual_usado
253,253,Bogotá,2024-12-04,4.653384,-74.0836332,18.4,11.5,0.0,clima_actual_usado
254,254,Shimabara,2024-11-29,32.788084,130.3705411,32.0,26.2,0.0,clima_actual_usado
255,255,Boa Viagem,2024-05-29,-5.1261877,-39.7300055,31.7,21.2,0.0,clima_actual_usado
256,256,Victoria,2024-10-07,48.4283182,-123.364953,21.8,13.9,0.0,clima_actual_usado
257,257,Macapo,2024-02-19,9.8252335,-68.4384664,28.4,23.3,5.6,clima_actual_usado
258,258,Sampaloc,2024-04-10,14.6031403,120.993417,29.9,28.6,0.0,clima_actual_usado
259,259,Zhangcun,2024-05-09,32.842716,111.9088943,36.1,26.6,0.0,clima_actual_usado
260,260,Pilpichaca,2024-10-16,-13.3301641,-74.9769545,9.7,-5.5,0.0,clima_actual_usado
261,261,Bogotá,2024-06-07,4.653384,-74.0836332,18.4,11.5,0.0,clima_actual_usado
262,262,Motegi,2024-07-06,36.532164,140.1874057,33.0,24.0,11.6,clima_actual_usado
263,263,Kotel,2024-06-03,50.6847507,14.9460367,20.5,13.4,11.7,clima_actual_usado
264,264,Viradouro,2024-11-10,-20.8726051,-48.2968122,28.8,12.5,0.0,clima_actual_usado
265,265,Zelenogradsk,2024-11-08,54.9600365,20.4750188,22.6,16.3,0.0,clima_actual_usado
266,266,Mapalad,2024-12-27,15.4638038,121.0930145,33.1,24.1,0.1,clima_actual_usado
267,267,Goma,2024-12-03,-1.6665685,29.225652,25.8,20.0,0.0,clima_actual_usado
268,268,Young America,2024-12-07,40.5686489,-86.3466636,24.2,13.2,0.0,clima_actual_usado
269,269,Kyoto,2024-12-14,35.0115754,135.7681441,34.7,24.7,0.0,clima_actual_usado
270,270,Shanxi,2024-06-01,27.6680504,120.0529182,34.9,26.5,4.6,clima_actual_usado
271,271,Jincheng,2024-08-30,35.4913132,112.8454497,32.8,21.9,0.0,clima_actual_usado
272,272,Baabda,2024-02-29,33.8335501,35.5445655,30.4,23.9,0.0,clima_actual_usado
273,273,Międzyzdroje,2024-05-30,53.9282745,14.448903,22.7,15.4,0.0,clima_actual_usado
274,274,Binzhou,2024-06-04,37.3821206,117.9647262,33.9,25.6,0.0,clima_actual_usado
275,275,Zaozhuang,2024-06-25,34.8108822,117.3178922,33.5,25.2,0.0,clima_actual_usado
276,276,Mulino,2024-05-15,45.2215112,-122.5820333,26.0,14.8,0.0,clima_actual_usado
277,277,Pawłowiczki,2024-02-11,50.2437125,18.0475795,25.8,16.0,4.5,clima_actual_usado
278,278,Västerås,2024-01-05,59.6110992,16.5463679,25.3,16.4,0.1,clima_actual_usado
279,279,Aurillac,2024-11-19,44.9285441,2.4433101,21.0,8.7,0.0,clima_actual_usado
280,280,Al Ma‘allā’,2024-03-19,12.786998,45.007386,40.6,31.0,0.0,clima_actual_usado
281,281,Kihangara,2024-08-05,-9.9436262,38.3643122,27.9,16.9,0.0,clima_actual_usado
282,282,Bogotá,2024-07-10,4.653384,-74.0836332,18.4,11.5,0.0,clima_actual_usado
283,283,Tucupita,2024-09-22,9.0660268,-62.0542973,32.9,24.7,0.4,clima_actual_usado
284,284,Kamienna Góra,2024-08-27,50.7837361,16.0336631,21.4,11.5,17.3,clima_actual_usado
285,285,Skerries,2024-06-24,53.5806379,-6.1066867,19.5,12.6,0.0,clima_actual_usado
286,286,Tapes,2024-04-25,-30.6747721,-51.3986199,25.3,16.7,18.8,clima_actual_usado
287,287,Sokołów Podlaski,2024-01-11,52.4081717,22.2525679,23.0,15.1,0.0,clima_actual_usado
288,288,Bogotá,2024-10-26,4.653384,-74.0836332,18.4,11.5,0.0,clima_actual_usado
289,289,Bogotá,2024-09-12,4.653384,-74.0836332,18.4,11.5,0.0,clima_actual_usado
290,290,Lampa,2024-10-23,-33.2895953,-70.8705255,9.0,5.1,14.9,clima_actual_usado
291,291,Palermo,2024-11-25,38.1112268,13.3524434,28.1,20.8,0.0,clima_actual_usado
292,292,Nankou,2024-11-01,11.2437145,-0.7868743,30.5,23.4,1.6,clima_actual_usado
293,293,Chinú,2024-11-05,9.1063553,-75.3989007,31.7,25.7,1.0,clima_actual_usado
294,294,Atlanta,2024-10-14,33.7544657,-84.3898151,25.8,22.0,0.1,clima_actual_usado
295,295,Fatumuti,2024-05-25,-9.5234682,124.4461352,26.1,19.8,0.4,clima_actual_usado
296,296,Amor,2024-09-16,43.59266,-0.7475291,27.0,12.9,0.0,clima_actual_usado
297,297,Betioky,2024-09-19,-24.1022,45.2886,21.3,10.8,0.0,clima_actual_usado
298,298,Ladysmith,2024-06-23,48.9936579,-123.8157964,23.9,14.6,0.0,clima_actual_usado
299,299,Zvenyhorodka,2024-02-04,49.0767158,30.96138,27.8,15.1,0.0,clima_actual_usado
300,300,Somba,2024-12-23,-15.8151364,35.015595,23.9,11.6,0.3,clima_actual_usado
301,301,Saint Louis,2024-12-14,38.6280278,-90.1910154,26.7,16.3,0.0,clima_actual_usado
302,302,Dijon,2024-10-04,47.3215806,5.0414701,21.8,13.8,0.0,clima_actual_usado
303,303,Garissa,2024-09-03,-0.4567099,39.6404713,30.6,21.9,0.0,clima_actual_usado
304,304,Bwizibwera,2024-10-16,-0.4405414,30.5726122,28.0,14.5,0.0,clima_actual_usado
305,305,Mortka,2024-10-30,51.3692606,14.36839,23.3,14.9,0.0,clima_actual_usado
306,306,Zaoxi,2024-04-15,27.4628808,120.4457116,32.5,26.2,5.9,clima_actual_usado
307,307,Mafraq,2024-11-16,32.3423619,36.2075282,34.3,20.1,0.0,clima_actual_usado
308,308,Bogotá,2024-06-02,4.653384,-74.0836332,18.4,11.5,0.0,clima_actual_usado
309,309,Catamayo,2024-07-28,-3.9867405,-79.3574774,27.0,19.3,0.0,clima_actual_usado
310,310,Jargalant,2024-09-02,48.1263214,106.6457932,23.6,13.5,0.5,clima_actual_usado
311,311,Pego Longo,2024-11-05,38.772047,-9.2583223,28.9,16.7,0.0,clima_actual_usado
312,312,Marang,2024-01-11,5.2067138,103.2050419,34.4,25.8,3.1,clima_actual_usado
313,313,Bogotá,2024-04-11,4.653384,-74.0836332,18.4,11.5,0.0,clima_actual_usado
314,314,Linjiang,2024-09-15,41.8092486,126.9128334,29.1,19.0,9.0,clima_actual_usado
315,315,Bronx,2024-01-19,40.8466508,-73.8785937,26.6,15.8,0.0,clima_actual_usado
316,316,Youdian,2024-08-17,32.2384887,114.4879753,35.8,27.0,0.0,clima_actual_usado
317,317,Shuanghe,2024-10-31,44.842326,82.361049,30.3,17.3,0.1,clima_actual_usado
318,318,Rízoma,2024-09-17,41.1535183,25.351362,33.5,21.2,0.0,clima_actual_usado
319,319,Sendafa,2024-06-01,9.155868,39.023811,16.8,10.2,7.1,clima_actual_usado
320,320,Chocos,2024-09-20,-12.927275,-75.9143335,16.7,9.3,0.0,clima_actual_usado
321,321,Gouping,2024-02-29,28.987708,108.142943,32.5,21.3,0.0,clima_actual_usado
322,322,Blagoveshchensk,2024-03-11,50.2600417,127.5337378,25.7,18.5,14.7,clima_actual_usado
323,323,Atar,2024-09-21,20.5181943,-13.0543928,40.0,28.3,0.0,clima_actual_usado
324,324,La Esmeralda,2024-06-24,6.1340453,-75.3248589,22.9,12.7,0.0,clima_actual_usado
325,325,Mocajuba,2024-12-21,-2.583098,-49.504224,32.6,23.9,0.0,clima_actual_usado
326,326,Apopa,2024-07-26,13.8013036,-89.1790784,31.2,22.2,1.4,clima_actual_usado
327,327,Annecy,2024-04-29,45.8992348,6.1288847,22.3,12.9,0.0,clima_actual_usado
328,328,Malahide,2024-07-29,53.4508401,-6.15367,20.2,12.9,0.0,clima_actual_usado
329,329,Nice,2024-01-17,43.7009358,7.2683912,27.3,19.9,0.0,clima_actual_usado
330,330,Fifi,2024-06-15,34.9466994,-5.2421909,40.2,24.6,0.0,clima_actual_usado
331,331,Dardhas,2024-01-07,40.8465607,20.6589771,27.6,14.2,0.0,clima_actual_usado
332,332,Luruaco,2024-08-15,10.6104147,-75.1427518,34.4,26.4,0.0,clima_actual_usado
333,333,Selopuro,2024-10-10,-6.6950737,111.4640792,33.0,25.0,0.0,clima_actual_usado
334,334,Guane,2024-12-31,22.2020234,-84.0829154,34.1,24.1,0.7,clima_actual_usado
335,335,Bogotá,2024-01-10,4.653384,-74.0836332,18.4,11.5,0.0,clima_actual_usado
336,336,Mananara,2024-07-03,-18.4059212,47.8785622,22.0,9.8,0.0,clima_actual_usado
337,337,Bogotá,2024-12-16,4.653384,-74.0836332,18.4,11.5,0.0,clima_actual_usado
338,338,Emiliano Zapata,2024-11-01,17.7399133,-91.7649173,34.5,24.1,0.3,clima_actual_usado
339,339,Kilifi,2024-01-13,-3.6333,39.85,27.9,21.0,0.2,clima_actual_usado
340,340,Bogotá,2024-10-03,4.653384,-74.0836332,18.4,11.5,0.0,clima_actual_usado
341,341,Hengyang,2024-10-16,26.8971308,112.5666191,35.2,27.5,0.0,clima_actual_usado
342,342,Metlika,2024-11-24,45.6501029,15.3174483,26.1,16.9,2.6,clima_actual_usado
343,343,Dao’er,2024-08-25,28.5249241,109.4450457,33.9,23.1,0.0,clima_actual_usado
344,344,Marseille,2024-01-14,43.2961743,5.3699525,27.4,20.6,0.0,clima_actual_usado
345,345,Houmt Souk,2024-08-15,33.8759878,10.8571532,31.3,26.9,0.0,clima_actual_usado
346,346,Mogapinyana,2024-02-17,-22.371494,27.592803,19.6,6.4,0.0,clima_actual_usado
347,347,Xingong,2024-02-04,49.2868636,120.7244527,23.4,12.3,8.4,clima_actual_usado
348,348,Kuznechikha,2024-10-06,57.7074005,39.8973735,25.8,16.7,6.0,clima_actual_usado
349,349,Frutal,2024-03-26,-20.0220064,-48.9280076,31.1,17.1,0.0,clima_actual_usado
350,350,Hayang,2024-04-06,35.9166162,128.8066711,35.2,24.8,1.5,clima_actual_usado
351,351,Podolí,2024-02-17,49.1904244,16.7208449,25.0,14.5,13.7,clima_actual_usado
352,352,Kelaniya,2024-05-26,6.9501246,79.9172715,27.2,26.3,3.9,clima_actual_usado
353,353,Čelinac,2024-06-10,44.7241731,17.319359,30.3,15.4,8.2,clima_actual_usado
354,354,Enjiang,2024-02-22,27.3227958,115.434149,35.0,27.1,3.4,clima_actual_usado
355,355,Anka,2024-03-06,12.113814,5.9242728,29.9,23.3,0.0,clima_actual_usado
356,356,Diaowei,2024-05-23,34.2916324,107.5377683,38.0,27.3,0.0,clima_actual_usado
357,357,Ndewel,2024-09-30,-8.5842815,120.0484421,28.8,23.8,0.1,clima_actual_usado
358,358,Pestovo,2024-07-05,42.7843657,21.0007692,31.4,15.0,0.0,clima_actual_usado
359,359,Bogotá,2024-05-03,4.653384,-74.0836332,18.4,11.5,0.0,clima_actual_usado
360,360,Bous,2024-06-10,49.2751251,6.7956291,19.9,12.4,5.5,clima_actual_usado
361,361,Ibaan,2024-02-19,13.8185254,121.1320975,32.0,26.8,0.0,clima_actual_usado
362,362,Changle,2024-11-04,25.9660393,119.5185643,30.0,26.7,12.6,clima_actual_usado
363,363,Pu’er,2024-10-14,22.8272471,100.9650146,27.7,20.3,3.8,clima_actual_usado
364,364,Funafuti,2024-12-20,-8.5199633,179.1982548,28.0,27.5,28.0,clima_actual_usado
365,365,Mudian,2024-04-05,33.9355,115.379,35.5,26.4,0.0,clima_actual_usado
366,366,Porto Ferreira,2024-12-03,-21.8529134,-47.4794943,27.1,14.7,0.0,clima_actual_usado
367,367,Bogotá,2024-03-12,4.653384,-74.0836332,18.4,11.5,0.0,clima_actual_usado
368,368,Semirara,2024-01-09,12.064535,121.3914708,29.0,28.4,0.0,clima_actual_usado
369,369,Tuguan,2024-03-14,24.9503571,102.2003217,27.6,19.8,0.0,clima_actual_usado
370,370,Pavia,2024-08-09,45.1860043,9.1546375,25.5,17.6,13.2,clima_actual_usado
371,371,Pobé,2024-09-11,6.9820238,2.666791,30.9,22.9,1.2,clima_actual_usado
372,372,Yanhe,2024-01-04,32.5467163,106.3390181,35.8,26.7,0.0,clima_actual_usado
373,373,Bogotá,2024-01-27,4.653384,-74.0836332,18.4,11.5,0.0,clima_actual_usado
374,374,Cacoal,2024-07-16,-11.4333,-61.4420502,29.9,21.0,0.5,clima_actual_usado
375,375,Arras,2024-04-24,50.291048,2.7772211,18.9,12.4,4.0,clima_actual_usado
376,376,Vila Nova,2024-08-27,-12.6338815,16.0461295,24.1,8.7,0.0,clima_actual_usado
377,377,Karuri,2024-07-29,-0.713372,37.035695,15.3,11.9,0.4,clima_actual_usado
378,378,São Caetano do Sul,2024-12-25,-23.6195923,-46.5688323,24.4,9.7,0.0,clima_actual_usado
379,379,Nicasio,2024-03-06,-15.2355119,-70.260922,15.0,-5.2,0.0,clima_actual_usado
380,380,Chupa,2024-02-08,-15.1059765,-69.9865962,15.2,-3.4,0.0,clima_actual_usado
381,381,Grzechynia,2024-05-26,49.7164684,19.6622975,23.6,14.8,15.0,clima_actual_usado
382,382,Sinisian,2024-07-22,5.9828395,116.577015,29.3,20.2,6.8,clima_actual_usado
383,383,Moguqi,2024-08-17,47.494578,122.3738576,24.6,18.4,3.1,clima_actual_usado
384,384,Paris 15,2024-03-30,48.8411228,2.2927657,22.0,14.1,0.0,clima_actual_usado
385,385,Stockholm,2024-10-06,59.3251172,18.0710935,23.1,16.7,0.0,clima_actual_usado
386,386,Jablonné nad Orlicí,2024-01-30,50.0296516,16.6001654,22.4,13.3,18.9,clima_actual_usado
387,387,Bogotá,2024-04-10,4.653384,-74.0836332,18.4,11.5,0.0,clima_actual_usado
388,388,Kiihtelysvaara,2024-11-02,62.489299,30.2512885,27.7,13.6,0.3,clima_actual_usado
389,389,Lam Plai Mat,2024-01-05,15.0243558,102.8317066,35.2,25.9,0.0,clima_actual_usado
390,390,Libei,2024-01-15,36.7418669,113.4055579,29.6,20.2,0.0,clima_actual_usado
391,391,San Martín,2024-05-21,18.0814066,-63.0467131,26.8,25.2,6.9,clima_actual_usado
392,392,Naju,2024-01-04,35.0158859,126.7108313,32.9,23.5,0.3,clima_actual_usado
393,393,Tonghu,2024-03-24,23.085203,114.1915569,31.1,26.3,38.1,clima_actual_usado
394,394,Oued Zem,2024-03-03,32.862504,-6.571054,42.2,23.5,0.0,clima_actual_usado
395,395,Wenling,2024-05-25,28.3761941,121.3808408,33.4,27.0,0.5,clima_actual_usado
396,396,Wellington,2024-03-23,-41.2887953,174.7772114,12.6,9.6,0.0,clima_actual_usado
397,397,Giraldo,2024-01-31,6.6804539,-75.95338,22.2,16.4,2.6,clima_actual_usado
398,398,Ivanovskoye,2024-11-01,61.9144463,42.0481822,29.4,18.0,0.0,clima_actual_usado
399,399,Sadar,2024-06-26,23.9499875,77.5774586,29.5,23.9,1.2,clima_actual_usado
400,400,Erdu,2024-12-16,29.5774994,111.4355604,35.0,25.4,0.0,clima_actual_usado
401,401,Xintian,2024-03-10,25.9070095,112.1979749,31.8,24.7,6.2,clima_actual_usado
402,402,Strenči,2024-07-03,57.6278347,25.6859132,24.8,15.6,0.0,clima_actual_usado
403,403,Khotsimsk,2024-01-30,53.4085849,32.5779751,25.9,14.7,0.0,clima_actual_usado
404,404,Nogueira,2024-01-07,41.772505,-6.8153638,33.7,16.4,0.0,clima_actual_usado
405,405,Washington,2024-12-24,38.8950368,-77.0365427,26.9,17.6,0.0,clima_actual_usado
406,406,Bi’r al ‘Abd,2024-09-09,16.285367,44.483712,35.4,25.7,0.0,clima_actual_usado
407,407,Bogotá,2024-06-19,4.653384,-74.0836332,18.4,11.5,0.0,clima_actual_usado
408,408,Bogotá,2024-02-22,4.653384,-74.0836332,18.4,11.5,0.0,clima_actual_usado
409,409,Tavira,2024-05-10,37.1262493,-7.6499121,29.7,21.7,0.0,clima_actual_usado
410,410,Otun,2024-07-12,7.9866265,5.1256156,27.0,20.8,3.0,clima_actual_usado
411,411,Tanashichō,2024-03-12,35.7287951,139.5400411,33.8,24.9,0.0,clima_actual_usado
412,412,Riosucio,2024-10-10,5.4209549,-75.7030623,19.7,14.2,1.0,clima_actual_usado
413,413,Bogotá,2024-10-26,4.653384,-74.0836332,18.4,11.5,0.0,clima_actual_usado
414,414,Mashui,2024-11-21,26.6577772,113.0508984,34.8,28.3,0.0,clima_actual_usado
415,415,Jing’an,2024-02-17,31.2295183,121.4427835,32.8,26.8,37.7,clima_actual_usado
416,416,Huzhen,2024-05-29,28.8149638,120.2516637,34.8,25.5,8.1,clima_actual_usado
417,417,Skaramangás,2024-10-14,38.0115201,23.6040184,33.8,23.5,0.0,clima_actual_usado
418,418,Mitú,2024-03-24,1.2538499,-70.2345576,27.5,22.9,7.8,clima_actual_usado
419,419,Anabar,2024-10-17,-0.5077784,166.952083,28.0,26.8,9.4,clima_actual_usado
420,420,Sishilichengzi,2024-07-20,41.9617718,86.47753,29.3,18.6,0.6,clima_actual_usado
421,421,Evansville,2024-12-19,37.970495,-87.5715641,27.8,16.5,0.0,clima_actual_usado
422,422,Yongfeng,2024-01-10,27.0955782,115.6337755,34.9,27.0,4.4,clima_actual_usado
423,423,Horred,2024-12-11,57.3585489,12.4729595,20.9,12.7,16.5,clima_actual_usado
424,424,Hongmei,2024-03-09,22.9979232,113.6039893,30.4,27.0,66.5,clima_actual_usado
425,425,Nysa,2024-12-01,50.4738029,17.3324733,24.5,14.5,22.5,clima_actual_usado
426,426,Malumfashi,2024-08-23,11.785288,7.621753,28.8,21.9,0.6,clima_actual_usado
427,427,Bogotá,2024-06-26,4.653384,-74.0836332,18.4,11.5,0.0,clima_actual_usado
428,428,Bogotá,2024-05-31,4.653384,-74.0836332,18.4,11.5,0.0,clima_actual_usado
429,429,Babice,2024-08-24,49.1242328,15.7688528,21.8,12.5,42.1,clima_actual_usado
430,430,Bloomington,2024-08-26,39.1670396,-86.5342881,24.1,14.8,0.0,clima_actual_usado
431,431,Moengo,2024-11-11,5.6192474,-54.4011942,31.9,23.5,0.6,clima_actual_usado
432,432,Drogomyśl,2024-12-13,49.8692338,18.7569409,24.6,15.8,17.9,clima_actual_usado
433,433,Yinxi,2024-10-31,25.7326133,119.3639976,29.6,26.5,13.8,clima_actual_usado
434,434,Jianqiao,2024-08-02,30.3184113,120.2139911,33.7,27.0,4.5,clima_actual_usado
435,435,Tcholliré,2024-12-03,8.4033303,14.167524,28.5,23.0,26.7,clima_actual_usado
436,436,Kabo,2024-11-23,12.8266035,-2.2448334,28.7,23.1,3.2,clima_actual_usado
437,437,Przytyk,2024-08-15,51.4668994,20.9055732,24.2,14.8,0.1,clima_actual_usado
438,438,Bogotá,2024-08-23,4.653384,-74.0836332,18.4,11.5,0.0,clima_actual_usado
439,439,Buga,2024-06-29,3.9000578,-76.302013,23.8,18.8,0.0,clima_actual_usado
440,440,Trafaria,2024-10-24,38.6720826,-9.2334438,27.5,17.4,0.0,clima_actual_usado
441,441,Klana,2024-04-18,45.4444467,14.3743376,23.4,14.7,8.6,clima_actual_usado
442,442,Old Kilcullen,2024-06-22,53.1061865,-6.7635281,19.0,11.5,0.0,clima_actual_usado
443,443,Vári,2024-06-27,50.2306216,12.8701437,20.6,13.4,0.0,clima_actual_usado
444,444,Châteauroux,2024-01-19,46.8203785,1.6770956,22.2,9.6,0.0,clima_actual_usado
445,445,Shanghang,2024-07-21,25.1211198,116.5893159,30.6,24.0,14.1,clima_actual_usado
446,446,Cértegui,2024-09-13,5.3719043,-76.6085751,26.7,24.4,18.2,clima_actual_usado
447,447,Fiorentino,2024-04-20,43.9103157,12.4575556,26.4,16.5,0.0,clima_actual_usado
448,448,Ta Phraya,2024-08-21,14.0055314,102.8090933,33.4,26.2,0.0,clima_actual_usado
449,449,Nal’chik,2024-08-26,43.4769604,43.5966578,33.7,21.6,0.4,clima_actual_usado
450,450,Wawu,2024-12-08,9.995079,-0.1142942,30.4,23.6,5.6,clima_actual_usado
451,451,Puzi,2024-09-20,23.4653055,120.2461959,28.8,26.3,26.8,clima_actual_usado
452,452,Polykárpi,2024-11-18,40.520938,21.31966,29.9,17.5,0.0,clima_actual_usado
453,453,Dřevohostice,2024-06-05,49.426187,17.5914716,25.6,16.1,8.0,clima_actual_usado
454,454,Ailigandí,2024-07-24,9.2282553,-78.0275738,30.2,25.9,2.0,clima_actual_usado
455,455,Bogotá,2024-06-08,4.653384,-74.0836332,18.4,11.5,0.0,clima_actual_usado
456,456,Guozhen,2024-10-30,29.2995226,113.139845,36.5,29.5,0.0,clima_actual_usado
457,457,Caldelas,2024-02-20,41.4868794,-8.3439223,33.2,17.2,0.0,clima_actual_usado
458,458,Xintang,2024-05-23,23.1222156,113.6150509,31.1,26.4,62.1,clima_actual_usado
459,459,Midland,2024-04-12,31.9973662,-102.077948,35.1,23.1,0.0,clima_actual_usado
460,460,Tukan,2024-03-16,53.8385577,57.4517134,26.4,14.9,0.0,clima_actual_usado
461,461,Navan,2024-07-06,45.421106,-75.425949,27.5,9.4,0.0,clima_actual_usado
462,462,Yylanly,2024-03-30,41.8645316,59.6327433,33.5,20.1,0.0,clima_actual_usado
463,463,Dagu,2024-06-14,11.1061159,9.708971,30.3,22.7,1.5,clima_actual_usado
464,464,Taozhou,2024-06-07,34.674309,103.5868,24.7,14.3,0.9,clima_actual_usado
465,465,Goght’,2024-08-09,40.1384828,44.7857223,35.3,22.2,0.1,clima_actual_usado
466,466,San Roque,2024-04-20,36.2100586,-5.3868293,25.8,22.0,0.0,clima_actual_usado
467,467,Bau,2024-12-05,1.417864,110.1553336,30.2,23.3,0.6,clima_actual_usado
468,468,Dodol,2024-09-11,-6.5442295,110.9037745,37.0,26.0,0.0,clima_actual_usado
469,469,Färjestaden,2024-10-26,56.6517105,16.4721747,24.1,15.8,0.0,clima_actual_usado
470,470,Ituverava,2024-06-04,-20.3366604,-47.7797924,29.2,14.9,0.0,clima_actual_usado
471,471,Al Jawf,2024-07-02,24.1985492,23.2938969,36.9,28.2,0.0,clima_actual_usado
472,472,Vila Ribeiro,2024-05-30,-21.8736336,-51.8397254,31.0,19.7,0.0,clima_actual_usado
473,473,Halle,2024-11-12,51.4824354,11.9712985,23.9,14.6,0.0,clima_actual_usado
474,474,Simo,2024-12-20,65.662285,25.0638163,30.3,19.3,0.0,clima_actual_usado
475,475,Bobadela,2024-11-12,40.3605097,-7.8928946,34.2,17.5,0.0,clima_actual_usado
476,476,Johor Bahru,2024-03-13,1.4581986,103.7649059,32.5,27.3,0.9,clima_actual_usado
477,477,Tadine,2024-06-28,-21.5482593,167.8822897,25.8,21.3,0.0,clima_actual_usado
478,478,Ypacarai,2024-08-04,-25.4046805,-57.2857757,32.8,21.6,1.8,clima_actual_usado
479,479,Bradenton,2024-10-02,27.4989278,-82.5748194,33.2,26.3,0.0,clima_actual_usado
480,480,Borne Sulinowo,2024-08-09,53.5812939,16.538117,21.6,14.8,2.7,clima_actual_usado
481,481,Paço,2024-06-14,39.5519865,-8.4923809,35.9,16.2,0.0,clima_actual_usado
482,482,Xinning,2024-08-08,26.4370826,110.8518642,35.4,25.2,0.0,clima_actual_usado
483,483,Batas Barat,2024-04-24,-10.1485455,123.6309695,30.7,24.1,0.0,clima_actual_usado
484,484,Rodópoli,2024-10-20,38.1170117,23.8750309,30.5,21.8,0.0,clima_actual_usado
485,485,Linshui,2024-06-27,30.252604,106.982041,37.6,26.1,0.0,clima_actual_usado
486,486,Jatirejo,2024-07-19,-7.581676,112.4171198,35.1,23.5,0.0,clima_actual_usado
487,487,La Francia,2024-03-09,-31.4063691,-62.6332043,20.1,10.3,0.0,clima_actual_usado
488,488,Jacksonville,2024-04-10,30.3321838,-81.655651,34.5,24.7,30.6,clima_actual_usado
489,489,Dongtian,2024-03-12,24.9148322,118.2950496,30.7,26.3,21.9,clima_actual_usado
490,490,Lysá nad Labem,2024-03-31,50.2016983,14.832757,22.2,13.2,14.3,clima_actual_usado
491,491,Dschang,2024-12-28,5.4469923,10.053309,26.0,21.3,12.2,clima_actual_usado
492,492,Dongxiao,2024-12-10,29.1157578,119.6818128,35.9,26.9,4.9,clima_actual_usado
493,493,Bogotá,2024-02-19,4.653384,-74.0836332,18.4,11.5,0.0,clima_actual_usado
494,494,Dois Córregos,2024-10-26,-22.3697554,-48.3845315,27.3,11.9,0.0,clima_actual_usado
495,495,Benito Juarez,2024-05-24,21.0742627,-86.9265622,33.1,25.3,2.1,clima_actual_usado
496,496,Orlando,2024-01-20,28.5421109,-81.3790304,36.0,24.4,0.0,clima_actual_usado
497,497,Tulsa,2024-05-14,36.1563122,-95.9927516,29.5,20.4,0.0,clima_actual_usado
498,498,Fenghuang,2024-02-11,27.9513305,109.5941968,34.5,24.0,0.0,clima_actual_usado
499,499,Turtas,2024-08-12,58.7022393,69.5666742,21.7,8.4,0.0,clima_actual_usado
500,500,Cabudare,2024-03-04,10.0260507,-69.2436557,29.5,22.7,0.0,clima_actual_usado
501,501,Bua Yai,2024-04-20,15.5871679,102.4257424,34.9,26.4,0.2,clima_actual_usado
502,502,Bogotá,2024-03-20,4.653384,-74.0836332,18.4,11.5,0.0,clima_actual_usado
503,503,Almeria,2024-10-20,36.8414197,-2.4628135,34.7,22.9,0.0,clima_actual_usado
504,504,Ipatinga,2024-09-17,-19.4777807,-42.5270802,25.4,15.1,0.0,clima_actual_usado
505,505,Brka,2024-06-17,44.829407,18.7239136,31.8,15.4,0.0,clima_actual_usado
506,506,Chiba,2024-05-11,35.6070629,140.1062653,32.0,24.9,0.0,clima_actual_usado
507,507,Arrah,2024-07-24,25.560317,84.6632139,31.1,26.7,45.1,clima_actual_usado
508,508,Străşeni,2024-03-16,47.1296845,28.6024692,30.1,19.7,0.0,clima_actual_usado
509,509,Vareiá,2024-07-16,39.0801623,26.5755219,31.6,25.5,0.0,clima_actual_usado
510,510,Elbasan,2024-08-08,41.1126792,20.0820858,33.8,19.2,0.0,clima_actual_usado
511,511,Lousa,2024-06-08,38.8898108,-9.2059575,30.9,16.4,0.0,clima_actual_usado
512,512,Qingzhou,2024-06-29,36.6843271,118.4738118,31.9,23.9,0.4,clima_actual_usado
513,513,Enzan,2024-06-27,35.751555,138.731154,30.8,22.1,6.9,clima_actual_usado
514,514,Sātkhira,2024-02-24,22.7166509,89.0749857,32.6,27.1,17.6,clima_actual_usado
515,515,Zürich,2024-07-27,47.3744489,8.5410422,16.5,13.1,13.7,clima_actual_usado
516,516,Novovolyns’k,2024-05-18,50.7224829,24.1648399,27.0,15.1,0.0,clima_actual_usado
517,517,Songkeng,2024-06-25,23.182511,114.91375,29.2,25.8,17.7,clima_actual_usado
518,518,Donja Mahala,2024-02-13,43.3300863,17.8162952,33.2,19.1,0.0,clima_actual_usado
519,519,Kauditan,2024-08-20,1.3905529,125.0491023,30.3,24.0,0.1,clima_actual_usado
520,520,Boticas,2024-08-13,41.6881921,-7.6645346,35.1,16.7,0.0,clima_actual_usado
521,521,Phước An,2024-10-26,12.7099594,108.3071263,31.4,23.8,1.1,clima_actual_usado
522,522,Marcos Juárez,2024-11-02,-32.6946933,-62.104385,18.6,8.8,0.0,clima_actual_usado
523,523,Wlingi,2024-04-12,-8.0786982,112.3334405,31.4,22.2,0.0,clima_actual_usado
524,524,Colinas,2024-08-10,-29.3866023,-51.8697911,29.7,18.0,3.2,clima_actual_usado
525,525,Quatro Barras,2024-11-12,-25.3708987,-49.0745672,22.1,8.9,0.0,clima_actual_usado
526,526,Yuanyang,2024-09-24,23.2234598,102.834369,33.7,25.8,0.2,clima_actual_usado
527,527,Malczyce,2024-07-29,51.2203518,16.493719,22.8,13.8,31.9,clima_actual_usado
528,528,Longxi,2024-04-09,35.0078952,104.639017,30.7,20.1,0.3,clima_actual_usado
529,529,Sanlanbahai,2024-06-08,35.8558577,102.4302488,27.4,18.9,20.8,clima_actual_usado
530,530,Kraljevo,2024-03-31,43.7234519,20.6870792,32.6,17.1,0.0,clima_actual_usado
531,531,Opuwo,2024-10-11,-18.0550384,13.8387366,27.8,8.8,0.0,clima_actual_usado
532,532,Rybczewice,2024-05-15,51.0264882,22.8553517,25.0,16.2,0.2,clima_actual_usado
533,533,Saxin,2024-05-28,38.9142728,39.9306127,34.1,23.2,0.0,clima_actual_usado
534,534,Bogotá,2024-03-02,4.653384,-74.0836332,18.4,11.5,0.0,clima_actual_usado
535,535,Örnsköldsvik,2024-07-02,63.2888613,18.7160209,26.3,18.1,0.0,clima_actual_usado
536,536,Tsapêraī,2024-08-15,34.004635,69.647105,24.5,12.8,0.0,clima_actual_usado
537,537,Psary,2024-03-17,50.8691352,17.36217,24.2,13.9,9.3,clima_actual_usado
538,538,Bogotá,2024-10-07,4.653384,-74.0836332,18.4,11.5,0.0,clima_actual_usado
539,539,Piggs Peak,2024-10-24,-25.9616997,31.247642,17.5,3.5,0.0,clima_actual_usado
540,540,Bogotá,2024-08-08,4.653384,-74.0836332,18.4,11.5,0.0,clima_actual_usado
541,541,Japeri,2024-09-25,-22.6427642,-43.6533831,26.3,12.1,0.0,clima_actual_usado
542,542,Bogotá,2024-01-06,4.653384,-74.0836332,18.4,11.5,0.0,clima_actual_usado
543,543,Balabagan,2024-05-13,7.5093206,124.127834,32.2,28.1,6.7,clima_actual_usado
544,544,Xinghuo,2024-07-30,30.9476672,106.641983,40.7,28.7,0.0,clima_actual_usado
545,545,Gunungkendeng,2024-08-01,-6.6708561,106.0549184,32.2,23.3,0.1,clima_actual_usado
546,546,Mê Linh,2024-01-14,21.1568599,105.7333502,36.5,27.8,0.0,clima_actual_usado
547,547,San Antonio,2024-12-23,29.4246002,-98.4951405,40.0,25.4,0.0,clima_actual_usado
548,548,Bogotá,2024-03-12,4.653384,-74.0836332,18.4,11.5,0.0,clima_actual_usado
549,549,Söderköping,2024-05-12,58.4823802,16.3216224,25.6,13.8,2.1,clima_actual_usado
550,550,Boca do Acre,2024-02-29,-8.7553487,-67.3930873,27.3,23.2,6.2,clima_actual_usado
551,551,El Mirador,2024-11-24,-33.3193067,-68.3296706,15.0,5.4,0.0,clima_actual_usado
552,552,Bogotá,2024-11-24,4.653384,-74.0836332,18.4,11.5,0.0,clima_actual_usado
553,553,Tomé,2024-04-04,-36.6170801,-72.9575043,11.9,10.4,8.8,clima_actual_usado
554,554,Guagua,2024-04-23,14.9654074,120.6336297,34.3,22.7,0.0,clima_actual_usado
555,555,Nzeto,2024-10-30,-7.2315951,12.8685053,20.7,19.3,0.0,clima_actual_usado
556,556,Kaca,2024-01-30,46.0896109,25.2803252,27.2,14.0,0.0,clima_actual_usado
557,557,Tunal,2024-10-08,-5.2155319,-79.6799721,24.1,15.5,0.0,clima_actual_usado
558,558,Kérkyra,2024-09-16,39.6217347,19.9180908,31.1,22.3,0.0,clima_actual_usado
559,559,Muzambinho,2024-11-01,-21.3684325,-46.522317,22.8,10.4,0.0,clima_actual_usado
560,560,Piteå,2024-07-30,65.3134652,21.4900252,27.7,20.4,0.0,clima_actual_usado
561,561,Bogotá,2024-07-19,4.653384,-74.0836332,18.4,11.5,0.0,clima_actual_usado
562,562,Bogotá,2024-08-31,4.653384,-74.0836332,18.4,11.5,0.0,clima_actual_usado
563,563,Xilian,2024-09-19,20.375274,109.932775,31.4,29.2,0.1,clima_actual_usado
564,564,Basicao Coastal,2024-07-24,13.0466981,123.4036303,31.1,28.8,0.0,clima_actual_usado
565,565,Esquina,2024-09-16,-30.0170807,-59.5340904,21.6,14.7,1.6,clima_actual_usado
566,566,Jiangnan,2024-01-27,22.7848277,108.2691257,32.8,26.7,0.3,clima_actual_usado
567,567,Brusartsi,2024-07-10,43.6630878,23.0669229,32.9,15.4,0.0,clima_actual_usado
568,568,Grand Sable,2024-09-30,-20.3247212,57.7695472,23.2,20.3,0.6,clima_actual_usado
569,569,Yunxi,2024-02-04,32.9947828,110.4205904,34.3,26.5,0.0,clima_actual_usado
570,570,Cam Ranh,2024-01-03,11.9166696,109.14861,34.1,24.7,0.1,clima_actual_usado
571,571,Haugesund,2024-04-08,59.4682478,5.0827612,16.8,16.2,0.0,clima_actual_usado
572,572,Uzdin,2024-07-08,45.2076453,20.6200177,32.9,15.4,0.0,clima_actual_usado
573,573,Realeza,2024-01-31,-25.7720262,-53.5338306,29.1,18.9,0.0,clima_actual_usado
574,574,Cachoeirinha,2024-07-25,-29.9493353,-51.0898927,27.7,17.2,2.8,clima_actual_usado
575,575,Parapat,2024-07-16,2.6617589,98.93918,27.3,19.1,0.6,clima_actual_usado
576,576,Cabreúva,2024-05-01,-23.3076663,-47.1324726,26.5,9.3,0.0,clima_actual_usado
577,577,Bogotá,2024-08-14,4.653384,-74.0836332,18.4,11.5,0.0,clima_actual_usado
578,578,Xiaohebian,2024-12-06,26.7906,104.899,28.1,18.1,0.0,clima_actual_usado
579,579,Kirgili,2024-05-19,40.4346533,71.7669316,35.0,24.4,0.0,clima_actual_usado
580,580,Khalkhāl,2024-08-12,37.6192217,48.5278144,31.9,17.4,0.0,clima_actual_usado
581,581,Ambat,2024-03-07,-7.2198507,113.4282461,32.4,27.7,0.0,clima_actual_usado
582,582,Sundbyberg,2024-05-19,59.3628802,17.9681359,24.1,16.6,0.0,clima_actual_usado
583,583,Bogotá,2024-02-16,4.653384,-74.0836332,18.4,11.5,0.0,clima_actual_usado
584,584,Rokytnice nad Jizerou,2024-04-20,50.7279915,15.4633503,18.9,12.8,14.9,clima_actual_usado
585,585,Danxi,2024-07-31,28.231771,120.990556,33.1,26.6,12.9,clima_actual_usado
586,586,Sale,2024-02-23,44.980656,8.809348,26.4,16.5,0.5,clima_actual_usado
587,587,Villa Castelli,2024-11-21,40.584527,17.474605,32.1,19.3,0.0,clima_actual_usado
588,588,Harbour Breton,2024-05-06,47.4710255,-55.8257953,17.6,14.2,0.0,clima_actual_usado
589,589,Xiongji,2024-08-16,31.9642647,112.6547198,35.7,26.7,0.0,clima_actual_usado
590,590,Yihe,2024-10-06,37.8906269,118.3489129,32.1,26.0,0.5,clima_actual_usado
591,591,Bantal,2024-11-19,-7.7899969,114.2295111,33.7,23.4,0.0,clima_actual_usado
592,592,Tangjiawan,2024-11-02,22.383564,113.5349863,29.4,27.0,30.2,clima_actual_usado
593,593,Pilchowice,2024-03-05,50.2147849,18.5626191,25.4,16.0,1.8,clima_actual_usado
594,594,Bogotá,2024-12-14,4.653384,-74.0836332,18.4,11.5,0.0,clima_actual_usado
595,595,Changyi,2024-08-09,36.8394346,119.4013261,32.6,25.6,0.1,clima_actual_usado
596,596,Nazaré,2024-03-11,-13.0345586,-39.0062515,25.2,19.4,0.4,clima_actual_usado
597,597,Byuravan,2024-04-29,40.0152129,44.5178557,39.8,23.7,0.0,clima_actual_usado
598,598,Rublëvo,2024-01-25,57.25695,28.4834,23.6,15.4,0.0,clima_actual_usado
599,599,Sandnes,2024-10-14,58.983132,6.394641,18.6,12.6,3.0,clima_actual_usado
600,600,Daja,2024-05-02,10.896788,122.4100107,29.8,22.2,0.0,clima_actual_usado
601,601,Bei’an,2024-12-01,48.2401404,126.5081882,24.1,19.2,38.6,clima_actual_usado
602,602,Dancheng,2024-01-15,33.6406649,115.1943501,35.4,26.4,0.0,clima_actual_usado
603,603,Cevicos,2024-03-10,19.0043972,-69.9760577,32.4,24.3,4.2,clima_actual_usado
604,604,Dodola,2024-05-31,10.116667,-3.283333,28.6,22.8,3.7,clima_actual_usado
605,605,Frederiksberg,2024-01-26,55.678016,12.5326186,22.0,17.4,3.2,clima_actual_usado
606,606,Kanbe,2024-12-17,16.705278,96.001667,32.3,26.1,4.8,clima_actual_usado
607,607,Lipov,2024-01-17,48.9049471,17.4617114,25.8,15.4,10.2,clima_actual_usado
608,608,Gaopu,2024-05-04,23.1620698,115.9628249,29.6,26.1,14.9,clima_actual_usado
609,609,Bogotá,2024-12-17,4.653384,-74.0836332,18.4,11.5,0.0,clima_actual_usado
610,610,Xin’an,2024-11-28,34.8333051,112.1167048,33.3,26.2,0.0,clima_actual_usado
611,611,Bogotá,2024-08-10,4.653384,-74.0836332,18.4,11.5,0.0,clima_actual_usado
612,612,Vista Hermosa,2024-12-14,4.7960296,-75.7350851,27.8,20.2,8.0,clima_actual_usado
613,613,Pingshan,2024-12-28,38.4065192,113.8679547,30.6,22.7,1.9,clima_actual_usado
614,614,Recife,2024-10-07,-8.0584933,-34.8848193,27.8,22.1,1.9,clima_actual_usado
615,615,Głowno,2024-01-19,51.9660873,19.7135665,24.8,14.6,0.1,clima_actual_usado
616,616,Bogotá,2024-07-24,4.653384,-74.0836332,18.4,11.5,0.0,clima_actual_usado
617,617,Bogotá,2024-03-27,4.653384,-74.0836332,18.4,11.5,0.0,clima_actual_usado
618,618,Pitogo,2024-02-16,13.783235,122.08779,30.2,28.4,0.0,clima_actual_usado
619,619,Dourados,2024-08-30,-22.2206145,-54.812208,32.2,18.2,0.0,clima_actual_usado
620,620,Nepeña,2024-06-16,-9.1726623,-78.3614116,19.4,17.1,0.0,clima_actual_usado
621,621,Palmerston North,2024-09-28,-40.356317,175.6112388,11.3,3.3,0.0,clima_actual_usado
622,622,Wright,2024-04-27,46.6691142,-93.006878,25.0,7.7,0.0,clima_actual_usado
623,623,Sanli,2024-05-22,49.2065404,2.5846582,20.4,10.4,0.0,clima_actual_usado
624,624,Bibis,2024-09-13,-7.6401486,111.3697655,33.2,22.8,0.0,clima_actual_usado
625,625,Berón de Astrada,2024-12-24,-27.5502367,-57.5283607,29.5,19.8,12.4,clima_actual_usado
626,626,Qagan Obo,2024-05-05,44.3068369,112.0849657,28.4,18.4,0.0,clima_actual_usado
627,627,Staraya Kupavna,2024-06-29,55.8070323,38.1774172,23.2,15.2,0.9,clima_actual_usado
628,628,Mariana,2024-09-29,-20.3781468,-43.4174862,19.6,9.6,0.0,clima_actual_usado
629,629,Kulykiv,2024-07-07,49.9802537,24.0770707,27.8,13.3,0.0,clima_actual_usado
630,630,Bogotá,2024-02-29,4.653384,-74.0836332,18.4,11.5,0.0,clima_actual_usado
631,631,Pallanchacra,2024-02-09,-10.4151535,-76.2352369,14.6,1.5,0.0,clima_actual_usado
632,632,Ngajum,2024-07-03,-8.0964823,112.5416332,32.7,23.5,0.0,clima_actual_usado
633,633,Norberg,2024-03-20,60.0864052,15.9533232,21.4,13.8,0.6,clima_actual_usado
634,634,Kristiansund N,2024-08-01,63.2168194,7.545259,18.5,16.7,0.0,clima_actual_usado
635,635,Villeneuve-lès-Avignon,2024-07-29,43.9636595,4.7969224,28.5,17.7,0.0,clima_actual_usado
636,636,Strängnäs,2024-10-27,59.3763155,17.0268194,24.0,16.2,0.0,clima_actual_usado
637,637,Simão Dias,2024-09-27,-10.7383767,-37.8090877,21.5,19.3,2.0,clima_actual_usado
638,638,Porto Feliz,2024-12-21,-23.2110713,-47.5247163,26.2,11.7,0.0,clima_actual_usado
639,639,Mesquite,2024-11-07,32.7666103,-96.599472,32.0,23.5,0.0,clima_actual_usado
640,640,Hake,2024-06-18,49.1877547,120.0664075,23.7,13.6,5.6,clima_actual_usado
641,641,Bogotá,2024-12-07,4.653384,-74.0836332,18.4,11.5,0.0,clima_actual_usado
642,642,Buenos Aires,2024-03-26,-34.6083696,-58.4440583,18.7,12.1,0.0,clima_actual_usado
643,643,Carmen,2024-03-24,39.9556215,-4.4014821,36.1,20.4,0.0,clima_actual_usado
644,644,Horta,2024-04-01,38.5795831,-28.7096295,22.0,15.7,0.0,clima_actual_usado
645,645,Bogotá,2024-07-21,4.653384,-74.0836332,18.4,11.5,0.0,clima_actual_usado
646,646,Aurora,2024-05-19,41.7571701,-88.3147539,27.2,13.4,0.0,clima_actual_usado
647,647,Cabuyaro,2024-01-29,4.2887655,-72.7898901,26.0,23.2,21.7,clima_actual_usado
648,648,Sant Julià de Lòria,2024-02-18,42.4667169,1.4967329,26.8,13.2,0.0,clima_actual_usado
649,649,El Suyatal,2024-03-29,14.5278755,-87.2169313,26.7,18.3,2.1,clima_actual_usado
650,650,Rennes,2024-06-03,48.1113387,-1.6800198,23.4,12.6,0.0,clima_actual_usado
651,651,Effium,2024-11-01,6.6308218,8.0572947,29.5,23.9,24.8,clima_actual_usado
652,652,Huomachong,2024-10-17,27.8787216,110.2366484,37.8,25.9,0.0,clima_actual_usado
653,653,Baocun,2024-05-16,29.024437,119.824229,35.0,25.4,1.5,clima_actual_usado
654,654,Krapina,2024-04-01,46.1640284,15.8700586,26.0,15.7,3.9,clima_actual_usado
655,655,Akráta,2024-10-17,38.15414,22.3139561,32.4,24.7,0.0,clima_actual_usado
656,656,Kepoh,2024-08-01,-7.229423,111.3321783,34.5,24.0,0.0,clima_actual_usado
657,657,Sahline,2024-04-05,35.7512612,10.7116486,30.4,24.7,0.0,clima_actual_usado
658,658,Debre Sīna,2024-02-20,9.8504801,39.7634761,20.0,13.2,4.3,clima_actual_usado
659,659,The Valley,2024-06-13,18.2145861,-63.0517759,28.4,27.1,4.3,clima_actual_usado
660,660,Raphoe,2024-03-23,54.8735295,-7.599543,18.6,11.6,2.2,clima_actual_usado
661,661,Lolayan,2024-01-24,0.5813522,124.2165092,29.5,22.2,0.6,clima_actual_usado
662,662,İsmayıllı,2024-05-10,40.788056,48.1485653,35.4,23.8,0.0,clima_actual_usado
663,663,Lundo,2024-09-30,60.5054982,22.4584171,23.3,15.3,0.5,clima_actual_usado
664,664,Nidri,2024-07-27,62.0453729,-6.7720525,14.7,10.5,8.5,clima_actual_usado
665,665,Melville,2024-12-06,50.9307241,-102.807296,27.0,12.3,0.0,clima_actual_usado
666,666,La Foa,2024-04-13,-21.7096941,165.8259295,26.5,22.3,0.0,clima_actual_usado
667,667,Mangxing,2024-10-23,38.9321105,76.2017019,31.8,17.7,0.0,clima_actual_usado
668,668,Iraquara,2024-01-02,-12.2439075,-41.6169181,25.0,16.4,0.0,clima_actual_usado
669,669,Bogotá,2024-08-01,4.653384,-74.0836332,18.4,11.5,0.0,clima_actual_usado
670,670,Fonseca,2024-02-23,10.7773005,-72.7985609,34.3,25.0,0.0,clima_actual_usado
671,671,Talmest,2024-04-09,31.818539,-9.3436761,27.0,20.2,0.0,clima_actual_usado
672,672,Huakoulongtan,2024-12-27,24.4980497,103.4151466,25.7,17.8,0.0,clima_actual_usado
673,673,Shunde,2024-04-23,22.8054891,113.2894243,29.9,27.1,38.0,clima_actual_usado
674,674,Dalaba,2024-10-14,10.6911854,-12.2516243,21.5,18.6,10.4,clima_actual_usado
675,675,Kebonagung,2024-04-17,-6.9730845,110.4327419,33.5,27.5,0.3,clima_actual_usado
676,676,Cikotok,2024-12-28,-6.8506289,106.3040463,30.4,22.4,0.4,clima_actual_usado
677,677,Sinfra,2024-12-14,6.6167488,-5.9089494,28.5,21.6,0.0,clima_actual_usado
678,678,Dunmanway,2024-05-01,51.7202004,-9.1126898,17.6,9.6,0.3,clima_actual_usado
679,679,Bogotá,2024-12-26,4.653384,-74.0836332,18.4,11.5,0.0,clima_actual_usado
680,680,Phonsavan,2024-11-09,18.3294965,103.8974915,30.6,25.2,14.1,clima_actual_usado
681,681,Rana,2024-01-22,66.4397132,14.3945923,25.4,17.3,0.2,clima_actual_usado
682,682,Hanau,2024-03-28,50.132881,8.9169797,23.4,13.8,0.7,clima_actual_usado
683,683,Nakano,2024-08-03,35.7077741,139.6638239,33.5,25.0,0.0,clima_actual_usado
684,684,Shangyong,2024-08-28,25.7296124,118.1581776,26.6,22.0,23.5,clima_actual_usado
685,685,Capitán Sarmiento,2024-06-07,-34.171201,-59.7936199,18.3,10.7,0.0,clima_actual_usado
686,686,Oborniki Śląskie,2024-07-27,51.3010662,16.9145509,23.1,14.3,20.7,clima_actual_usado
687,687,Zhalinghu,2024-09-19,35.0861114,97.9109009,16.7,9.6,14.7,clima_actual_usado
688,688,Zhujiatai,2024-11-26,40.326884,117.2129094,29.8,22.7,10.8,clima_actual_usado
689,689,Salvacion,2024-03-03,9.9672607,118.7838986,31.9,27.6,1.0,clima_actual_usado
690,690,Wangyi Zhendian,2024-12-01,31.3291341,113.3814316,37.5,27.0,0.0,clima_actual_usado
691,691,Wonosari,2024-12-14,-7.9647903,110.6019278,33.4,23.2,0.0,clima_actual_usado
692,692,Wanglu Kulon,2024-11-27,-7.0188793,111.7269493,35.1,24.4,0.0,clima_actual_usado
693,693,Skalánion,2024-02-19,35.2890907,25.185216,27.6,23.5,0.0,clima_actual_usado
694,694,Anjepy,2024-06-03,-18.8487152,47.7348816,20.7,6.0,0.0,clima_actual_usado
695,695,Hekinan,2024-07-02,34.86505,136.984523,35.7,27.0,0.0,clima_actual_usado
696,696,Peña Blanca,2024-01-27,35.5708545,-106.3381903,35.0,16.8,0.0,clima_actual_usado
697,697,Auki,2024-05-17,-8.7706074,160.6992655,31.1,27.9,0.5,clima_actual_usado
698,698,Taloko,2024-08-19,-8.4102784,118.2878859,30.7,22.4,0.0,clima_actual_usado
699,699,Burgas,2024-02-13,42.4936616,27.4721276,28.1,20.6,0.0,clima_actual_usado
700,700,Marolambo,2024-09-12,-20.0489861,48.1303834,21.9,9.8,0.0,clima_actual_usado
701,701,Congkar,2024-02-09,-8.5845256,120.67722,25.5,15.4,0.0,clima_actual_usado
702,702,Nacka,2024-07-13,59.3120997,18.2073591,22.8,15.8,0.0,clima_actual_usado
703,703,Mabugang,2024-06-23,24.5900649,115.4119596,32.1,25.6,8.1,clima_actual_usado
704,704,Sịa,2024-07-17,34.9554394,33.3899141,32.7,23.6,0.0,clima_actual_usado
705,705,Bretaña,2024-10-22,3.4382325,-76.5323818,22.6,17.5,1.1,clima_actual_usado
706,706,Chiscas,2024-01-07,6.5535107,-72.5003939,24.5,17.2,7.8,clima_actual_usado
707,707,Levski,2024-06-21,43.3597306,25.1422144,32.4,18.9,0.0,clima_actual_usado
708,708,Sezemice,2024-06-18,50.5855488,15.0050906,21.4,12.5,19.3,clima_actual_usado
709,709,Wolowona,2024-08-25,-8.7549245,122.0289875,30.6,21.3,0.0,clima_actual_usado
710,710,Sebeta,2024-12-01,8.912246,38.624019,21.1,13.7,0.8,clima_actual_usado
711,711,Cần Giờ,2024-08-23,10.4540955,106.9009546,34.0,26.8,1.0,clima_actual_usado
712,712,Papeete,2024-08-20,-17.5373835,-149.5659964,26.7,25.2,4.8,clima_actual_usado
713,713,Kisasa,2024-12-19,0.3061145,32.5997947,26.4,15.2,0.1,clima_actual_usado
714,714,Turki,2024-04-02,51.9927589,43.2745396,31.8,19.0,0.0,clima_actual_usado
715,715,Biliran,2024-04-30,11.4665736,124.4740971,30.4,29.0,0.0,clima_actual_usado
716,716,Fika,2024-04-25,43.3105378,-2.810352,23.7,13.7,0.0,clima_actual_usado
717,717,Lobatse,2024-09-19,-25.2100604,25.6819594,18.4,5.8,0.0,clima_actual_usado
718,718,Daleman,2024-04-27,-7.7282727,110.8572449,34.8,24.1,0.3,clima_actual_usado
719,719,Pingding,2024-03-06,37.803011,113.6246894,28.9,20.3,5.4,clima_actual_usado
720,720,Cojutepeque,2024-10-16,13.7217396,-88.9345406,29.6,19.7,8.3,clima_actual_usado
721,721,Santa Maria,2024-02-10,-29.6860512,-53.8069214,26.8,18.0,26.5,clima_actual_usado
722,722,Reina Mercedes,2024-04-12,16.9850846,121.8279423,35.4,25.2,5.4,clima_actual_usado
723,723,Bogotá,2024-06-24,4.653384,-74.0836332,18.4,11.5,0.3,clima_actual_usado
724,724,Las Vegas,2024-12-08,36.1674263,-115.1484131,41.3,25.2,0.0,clima_actual_usado
725,725,Retiro,2024-02-26,40.4111495,-3.6760566,34.6,21.0,0.3,clima_actual_usado
726,726,Apengjiang,2024-01-18,29.1520799,108.7433283,36.2,24.6,0.0,clima_actual_usado
727,727,Emiliano Zapata,2024-05-09,17.7399133,-91.7649173,34.5,24.1,0.3,clima_actual_usado
728,728,Tatsunochō-tominaga,2024-11-05,34.8584412,134.5465785,35.2,23.8,0.0,clima_actual_usado
729,729,Cáceres,2024-07-13,39.4745175,-6.3716761,37.7,23.1,0.0,clima_actual_usado
730,730,Hujia,2024-08-02,31.5644738,107.656694,39.1,29.0,0.0,clima_actual_usado
731,731,Shuqiao,2024-06-24,25.1034161,110.0459594,30.0,24.4,1.7,clima_actual_usado
732,732,Bogotá,2024-11-26,4.653384,-74.0836332,18.4,11.5,0.3,clima_actual_usado
733,733,Oravais,2024-07-15,63.3000836,22.3783194,26.9,16.5,17.7,clima_actual_usado
734,734,Bogotá,2024-01-16,4.653384,-74.0836332,18.4,11.5,0.3,clima_actual_usado
735,735,Elliot,2024-08-31,56.5455494,-2.6209075,19.1,9.3,1.1,clima_actual_usado
736,736,Lyubim,2024-03-02,58.3595618,40.6866038,29.1,18.0,9.5,clima_actual_usado
737,737,Kuroishi,2024-12-03,40.6423427,140.5951263,31.5,24.0,1.0,clima_actual_usado
738,738,Gio Linh,2024-09-29,16.9234959,107.0853356,35.3,28.7,0.0,clima_actual_usado
739,739,Sarmanovo,2024-01-24,55.2522501,52.5887176,29.7,17.9,0.0,clima_actual_usado
740,740,Kuybyshevo,2024-09-20,40.3617599,71.2789455,35.9,24.7,0.0,clima_actual_usado
741,741,Zhangduangu,2024-01-07,38.1266407,114.9522929,35.0,26.5,0.5,clima_actual_usado
742,742,Goiana,2024-02-20,-7.560603,-34.99591,29.0,22.1,0.2,clima_actual_usado
743,743,Panikihan,2024-02-03,13.132051,121.4349437,31.8,22.9,0.0,clima_actual_usado
744,744,Siyabuswa,2024-06-18,-25.113333,29.056111,20.6,7.3,0.0,clima_actual_usado
745,745,Pryazha,2024-04-15,61.6932537,33.6224108,28.6,18.1,0.9,clima_actual_usado
746,746,Cleveland,2024-07-26,41.4996574,-81.6936772,24.1,13.6,0.0,clima_actual_usado
747,747,Lichtenburg,2024-02-20,-26.149862,26.159257,18.6,3.2,0.0,clima_actual_usado
748,748,Yunluo,2024-09-10,23.2497529,116.079107,29.3,25.8,15.1,clima_actual_usado
749,749,Onueke,2024-10-18,6.1669823,8.0278774,29.7,24.0,21.2,clima_actual_usado
750,750,Chvalšiny,2024-05-06,48.8540143,14.2111405,19.4,12.9,18.3,clima_actual_usado
751,751,Bogotá,2024-03-04,4.653384,-74.0836332,18.4,11.5,0.3,clima_actual_usado
752,752,Riti,2024-07-09,7.9077131,9.6217882,29.2,23.5,19.2,clima_actual_usado
753,753,San Remigio,2024-03-08,11.0835479,123.9366262,32.6,28.7,0.4,clima_actual_usado
754,754,Parramos,2024-04-24,14.6093633,-90.8024162,22.8,15.3,0.4,clima_actual_usado
755,755,Tigre,2024-09-22,-3.0555554,-75.2118391,28.8,22.2,7.6,clima_actual_usado
756,756,Lévis,2024-02-20,46.8033114,-71.1778792,24.5,8.3,13.2,clima_actual_usado
757,757,Kutapanjang,2024-05-03,4.0174384,97.277707,23.9,17.7,1.9,clima_actual_usado
758,758,Soraya,2024-04-22,-14.1649354,-73.3149477,17.0,3.1,0.0,clima_actual_usado
759,759,Łęknica,2024-10-28,51.538237,14.7445378,22.9,14.5,0.3,clima_actual_usado
760,760,Bogotá,2024-04-07,4.653384,-74.0836332,18.4,11.5,0.3,clima_actual_usado
761,761,Bogotá,2024-01-10,4.653384,-74.0836332,18.4,11.5,0.3,clima_actual_usado
762,762,Limón,2024-10-06,9.9932401,-83.0297915,28.8,23.4,7.3,clima_actual_usado
763,763,Shimeitang,2024-04-05,29.1944905,112.0806674,35.5,27.7,0.0,clima_actual_usado
764,764,Sakon Nakhon,2024-10-13,17.1651224,104.1500731,33.3,26.2,1.1,clima_actual_usado
765,765,Angoulême,2024-06-11,45.6484505,0.1561947,25.6,13.3,0.0,clima_actual_usado
766,766,Singajaya,2024-10-02,-7.4731359,107.9122008,27.1,18.3,0.5,clima_actual_usado
767,767,Granada,2024-02-25,37.1734995,-3.5995337,36.3,17.5,0.0,clima_actual_usado
768,768,Bogotá,2024-10-08,4.653384,-74.0836332,18.4,11.5,0.3,clima_actual_usado
769,769,Córdoba,2024-04-08,37.8845813,-4.7760138,39.4,22.3,0.0,clima_actual_usado
770,770,Nanniu,2024-07-29,38.1980401,114.6502036,34.6,26.0,0.5,clima_actual_usado
771,771,Al Abyār,2024-12-03,36.7688818,3.030651,27.3,20.3,0.0,clima_actual_usado
772,772,Purísima,2024-08-30,9.2375332,-75.7236088,32.1,26.5,4.6,clima_actual_usado
773,773,Latung,2024-09-03,5.5261344,120.8938354,29.4,27.4,10.7,clima_actual_usado
774,774,Mandaue City,2024-05-14,10.3274819,123.9431517,33.5,24.4,0.0,clima_actual_usado
775,775,Tønsberg,2024-08-03,59.3549795,10.2820491,19.1,15.0,38.5,clima_actual_usado
776,776,El Mirador,2024-06-15,-33.3193067,-68.3296706,15.0,5.4,0.0,clima_actual_usado
777,777,Xuwei,2024-04-01,33.07909,116.8361746,34.0,25.1,0.2,clima_actual_usado
778,778,Bressuire,2024-08-14,46.8425572,-0.4929017,22.7,10.5,0.0,clima_actual_usado
779,779,Pankrushikha,2024-05-05,53.83286,80.3443,22.9,13.4,6.1,clima_actual_usado
780,780,Kävlinge,2024-09-13,55.7795769,13.0337618,23.8,15.4,0.0,clima_actual_usado
781,781,Limbuhan,2024-06-14,11.8837245,124.0489113,30.4,27.9,0.0,clima_actual_usado
782,782,Föglö,2024-01-22,60.0107325,20.4246997,20.8,17.8,0.0,clima_actual_usado
783,783,Wates,2024-05-01,-7.8586461,110.1571473,28.0,26.3,0.7,clima_actual_usado
784,784,San Antonio,2024-11-09,29.4246002,-98.4951405,41.0,25.4,0.0,clima_actual_usado
785,785,Svatava,2024-09-19,50.192255,12.6250425,20.1,12.8,0.0,clima_actual_usado
786,786,Vynohradove,2024-04-07,46.371922,32.939411,32.3,19.8,0.0,clima_actual_usado
787,787,San Rafael,2024-10-05,37.9747795,-122.5316686,28.3,11.6,0.0,clima_actual_usado
788,788,Outing,2024-11-03,46.820514,-93.9480252,23.9,9.4,0.0,clima_actual_usado
789,789,Punta de Bombón,2024-06-20,-17.1721359,-71.7905267,17.8,16.1,0.0,clima_actual_usado
790,790,Muhur,2024-08-26,-0.5371881,115.909009,33.4,24.8,1.2,clima_actual_usado
791,791,Jos,2024-09-11,9.9175125,8.8979401,23.6,18.2,13.8,clima_actual_usado
792,792,London,2024-07-11,51.5074456,-0.1277653,21.7,13.1,0.0,clima_actual_usado
793,793,Dapeng,2024-07-11,22.6416001,114.4114696,29.2,26.4,29.8,clima_actual_usado
794,794,Leudelange,2024-10-23,49.5660842,6.0673211,16.2,11.3,0.7,clima_actual_usado
795,795,Pancol,2024-01-02,10.8721288,119.4173507,31.1,27.9,0.0,clima_actual_usado
796,796,Vallentuna,2024-09-10,59.583333,18.216667,23.4,15.5,0.0,clima_actual_usado
797,797,Aserrío de Gariché,2024-10-01,8.5056042,-82.7920791,30.1,25.1,3.2,clima_actual_usado
798,798,Pejibaye,2024-10-27,9.159649,-83.5704481,27.2,26.4,14.7,clima_actual_usado
799,799,São Torcato,2024-02-05,41.4812007,-8.2589538,35.0,20.6,0.0,clima_actual_usado
800,800,Daping,2024-11-18,31.4662009,105.5533978,38.5,28.4,0.0,clima_actual_usado
801,801,Sotnikovskoye,2024-02-05,45.003475,43.787289,38.0,24.1,0.0,clima_actual_usado
802,802,Orsk,2024-06-05,51.5874287,16.3539366,24.0,15.5,9.6,clima_actual_usado
803,803,Chenqing,2024-12-30,49.1406967,127.2348278,25.5,16.7,83.1,clima_actual_usado
804,804,Socabaya,2024-02-15,-16.4689321,-71.5380727,22.2,10.5,0.0,clima_actual_usado
805,805,San Alejandro,2024-10-18,15.5635135,120.8675594,32.8,24.0,0.4,clima_actual_usado
806,806,Fulu,2024-08-30,14.2426864,24.6181436,32.3,20.8,0.0,clima_actual_usado
807,807,Touba,2024-06-19,14.864559,-15.876047,32.8,25.2,4.5,clima_actual_usado
808,808,Bogotá,2024-07-17,4.653384,-74.0836332,18.4,11.5,0.3,clima_actual_usado
809,809,Semerak,2024-10-06,-6.5799357,111.0564029,30.8,24.5,1.1,clima_actual_usado
810,810,Laprida,2024-10-05,-37.5441995,-60.8010823,16.4,7.5,0.0,clima_actual_usado
811,811,Purísima,2024-10-15,9.2375332,-75.7236088,32.1,26.5,4.6,clima_actual_usado
812,812,Nynäshamn,2024-07-27,58.9056457,17.9470987,22.0,18.0,0.0,clima_actual_usado
813,813,Puerto Princesa,2024-09-07,9.7398561,118.7438187,32.2,24.8,0.0,clima_actual_usado
814,814,Bogotá,2024-07-02,4.653384,-74.0836332,18.4,11.5,0.3,clima_actual_usado
815,815,Caldas da Rainha,2024-05-22,39.4071857,-9.1346004,22.7,15.4,0.0,clima_actual_usado
816,816,Irosin,2024-05-20,12.7038417,124.0320966,32.7,24.1,0.0,clima_actual_usado
817,817,Wadung,2024-11-22,-7.0509751,111.9091222,34.5,24.1,0.0,clima_actual_usado
818,818,Adygeysk,2024-11-08,44.8833775,39.1909625,30.5,23.2,7.4,clima_actual_usado
819,819,Xiejiaya,2024-12-30,28.9789272,110.6724393,34.7,23.3,0.0,clima_actual_usado
820,820,Emplak,2024-12-29,-7.660314,108.7308616,29.0,23.2,0.1,clima_actual_usado
821,821,Limoges,2024-05-27,45.8354243,1.2644847,22.7,12.4,0.0,clima_actual_usado
822,822,Araçoiaba da Serra,2024-01-22,-23.5045367,-47.6168158,25.1,8.9,0.0,clima_actual_usado
823,823,Jargalant,2024-12-29,48.1263214,106.6457932,23.6,13.5,0.2,clima_actual_usado
824,824,Gunungkendeng,2024-12-22,-6.6708561,106.0549184,32.2,23.3,0.0,clima_actual_usado
825,825,Dujuuma,2024-02-15,1.25406,42.57291,32.7,23.3,0.0,clima_actual_usado
826,826,Bogotá,2024-08-26,4.653384,-74.0836332,18.4,11.5,0.3,clima_actual_usado
827,827,Ivry-sur-Seine,2024-02-21,48.8122302,2.3872525,22.0,14.4,0.0,clima_actual_usado
828,828,Lixin,2024-11-07,33.1603023,116.2011952,34.2,25.9,0.0,clima_actual_usado
829,829,Bugene,2024-08-18,-1.5924464,31.1407066,28.1,14.5,0.0,clima_actual_usado
830,830,Baishi,2024-06-02,27.4685593,112.8959325,35.6,27.2,0.0,clima_actual_usado
831,831,Dourbali,2024-11-25,11.80645,15.87029,30.9,23.9,0.0,clima_actual_usado
832,832,Sengeti,2024-09-02,-1.4843154,103.5037825,32.1,24.5,16.6,clima_actual_usado
833,833,Pukkila,2024-05-12,60.6455948,25.581976,23.9,12.8,17.7,clima_actual_usado
834,834,Krmelín,2024-06-05,49.7292599,18.235441,25.6,15.9,3.1,clima_actual_usado
835,835,Carolina,2024-01-25,45.2549587,7.894241,25.1,15.4,0.1,clima_actual_usado
836,836,Gengzhuang,2024-06-17,40.9811911,122.7020046,31.3,24.6,2.9,clima_actual_usado
837,837,Bogotá,2024-06-23,4.653384,-74.0836332,18.4,11.5,0.3,clima_actual_usado
838,838,A dos Cunhados,2024-02-20,39.1519962,-9.2979195,23.2,15.3,0.0,clima_actual_usado
839,839,Tambakmerak,2024-02-17,-7.1112682,111.6633248,35.2,24.5,0.0,clima_actual_usado
840,840,Tallinn,2024-01-12,59.4372155,24.7453688,24.3,17.1,1.3,clima_actual_usado
841,841,Nusajaya,2024-10-04,-6.199005,106.6170842,33.5,23.6,0.0,clima_actual_usado
842,842,Kapotnya,2024-10-01,55.6367482,37.7984857,23.5,16.3,0.9,clima_actual_usado
843,843,Managua,2024-12-21,12.1544035,-86.2737642,33.1,25.0,0.0,clima_actual_usado
844,844,Huanfeng,2024-07-01,31.7100411,118.0989189,33.8,25.9,1.9,clima_actual_usado
845,845,São José do Rio Preto,2024-07-09,-20.8125851,-49.3804212,29.4,17.1,0.0,clima_actual_usado
846,846,Laurel,2024-05-29,31.6940509,-89.1306124,31.6,22.9,0.0,clima_actual_usado
847,847,Polowat,2024-11-08,49.8626238,19.0398147,25.8,16.7,4.9,clima_actual_usado
848,848,Bogotá,2024-01-15,4.653384,-74.0836332,18.4,11.5,0.3,clima_actual_usado
849,849,Bergen,2024-12-30,60.3943055,5.3259192,23.7,16.2,0.2,clima_actual_usado
850,850,Grenoble,2024-04-19,45.1875602,5.7357819,24.5,16.1,0.2,clima_actual_usado
851,851,Wolin,2024-11-19,53.843788,14.6157008,22.7,14.6,0.1,clima_actual_usado
852,852,Alpedrinha,2024-05-29,40.0988978,-7.4678978,36.1,21.2,0.0,clima_actual_usado
853,853,Artur Nogueira,2024-05-18,-22.572737,-47.172679,26.9,10.5,0.0,clima_actual_usado
854,854,Inicbulan,2024-02-28,13.8197849,120.9835964,31.5,26.1,0.0,clima_actual_usado
855,855,Zolochiv,2024-09-02,49.8056522,24.8988858,27.8,16.6,0.0,clima_actual_usado
856,856,Fangcun,2024-09-21,35.9611609,117.1913766,34.6,26.2,0.1,clima_actual_usado
857,857,Setro,2024-09-13,46.2488808,6.6193891,17.5,7.0,3.1,clima_actual_usado
858,858,Bogotá,2024-10-14,4.653384,-74.0836332,18.4,11.5,0.3,clima_actual_usado
859,859,Zhongdong,2024-04-28,21.8400226,110.4716358,29.9,26.5,9.4,clima_actual_usado
860,860,Zhenzhushan,2024-08-07,44.8932,128.331,28.9,21.4,0.3,clima_actual_usado
861,861,Karanganyar,2024-02-15,-7.5975877,110.946872,34.5,23.8,0.3,clima_actual_usado
862,862,Yāsūf,2024-07-15,32.1097883,35.239924,31.3,20.2,0.0,clima_actual_usado
863,863,Ribeirão da Ilha,2024-07-31,-27.7038927,-48.5286314,22.8,15.5,0.0,clima_actual_usado
864,864,Motala,2024-06-15,58.5420395,15.041261,23.0,12.8,10.7,clima_actual_usado
865,865,Matviyivka,2024-12-26,47.0146839,31.9235636,31.9,20.9,0.0,clima_actual_usado
866,866,Xiaxi,2024-11-26,28.4601142,118.1905373,35.0,26.3,9.9,clima_actual_usado
867,867,Butwāl,2024-10-23,27.7003986,83.4657667,33.6,27.2,20.9,clima_actual_usado
868,868,Horgo,2024-11-18,60.0988511,5.0960172,18.7,15.7,0.0,clima_actual_usado
869,869,Oesao,2024-11-25,-10.1208101,123.808537,30.6,24.0,0.0,clima_actual_usado
870,870,Bogotá,2024-02-15,4.653384,-74.0836332,18.4,11.5,0.3,clima_actual_usado
871,871,Nova Viçosa,2024-05-01,-17.8907712,-39.3725471,24.4,16.8,0.0,clima_actual_usado
872,872,Whitegate,2024-11-22,53.2200825,-2.5562959,19.0,12.6,0.2,clima_actual_usado
873,873,Vales,2024-09-04,41.4734905,-7.3456483,34.4,18.2,0.0,clima_actual_usado
874,874,Amashca,2024-02-07,-9.2392254,-77.6466529,17.4,10.5,0.2,clima_actual_usado
875,875,Mizoch,2024-12-06,50.3983189,26.141333,27.4,16.6,0.0,clima_actual_usado
876,876,Bellavista,2024-05-28,43.4408516,11.162844,29.1,16.6,3.8,clima_actual_usado
877,877,Lysá nad Labem,2024-03-02,50.2016983,14.832757,22.2,13.2,20.1,clima_actual_usado
878,878,Bogotá,2024-05-07,4.653384,-74.0836332,18.4,11.5,0.3,clima_actual_usado
879,879,Bogotá,2024-03-10,4.653384,-74.0836332,18.4,11.5,0.3,clima_actual_usado
880,880,Roermond,2024-08-08,51.1933903,5.9882649,20.1,14.2,5.4,clima_actual_usado
881,881,Quatro Barras,2024-03-28,-25.3708987,-49.0745672,22.1,8.9,0.0,clima_actual_usado
882,882,Chimanimani,2024-11-07,-19.804133,32.870727,16.3,7.8,0.0,clima_actual_usado
883,883,Bécancour,2024-09-28,46.3415746,-72.4335088,24.6,10.1,0.7,clima_actual_usado
884,884,Ochojno,2024-12-31,49.95112,19.9739,22.3,13.6,2.9,clima_actual_usado
885,885,Psará,2024-05-25,38.5406466,25.562889,27.0,24.6,0.0,clima_actual_usado
886,886,Ivanovskoye,2024-02-29,61.9144463,42.0481822,29.4,18.0,0.0,clima_actual_usado
887,887,Angadanan,2024-04-19,16.7568394,121.7480912,35.9,24.4,5.1,clima_actual_usado
888,888,Bogotá,2024-10-03,4.653384,-74.0836332,18.4,11.5,0.3,clima_actual_usado
889,889,Athlone,2024-10-23,53.4228434,-7.9425897,19.5,13.6,0.8,clima_actual_usado
890,890,Girón,2024-04-05,7.0732333,-73.1689196,32.3,24.5,1.8,clima_actual_usado
891,891,Bogotá,2024-10-01,4.653384,-74.0836332,18.4,11.5,0.3,clima_actual_usado
892,892,Bukowina Tatrzańska,2024-02-26,49.3423002,20.1072586,20.2,11.6,5.8,clima_actual_usado
893,893,Pinhal de Frades,2024-02-15,38.5959576,-9.0939836,28.7,16.4,0.0,clima_actual_usado
894,894,Seto,2024-06-16,35.240984,137.116187,35.3,25.4,1.3,clima_actual_usado
895,895,Wenfu,2024-12-19,24.7414596,116.1939609,32.1,25.7,24.9,clima_actual_usado
896,896,Babakan,2024-08-02,-6.1906998,106.6381961,33.5,23.6,0.0,clima_actual_usado
897,897,Sankoutang,2024-07-15,26.4222086,111.8077454,35.1,27.7,0.0,clima_actual_usado
898,898,Barra Cheia,2024-08-31,38.6079432,-9.0020859,30.3,16.6,0.0,clima_actual_usado
899,899,Dasuk,2024-05-20,-6.9023933,113.8145935,32.1,26.6,0.0,clima_actual_usado
900,900,Turbiv,2024-11-21,49.339939,28.7260729,27.4,15.6,0.0,clima_actual_usado
901,901,Cilangkap,2024-12-15,-6.3337625,106.9080579,33.6,24.0,0.0,clima_actual_usado
902,902,Bogotá,2024-11-29,4.653384,-74.0836332,18.1,11.5,0.3,clima_actual_usado
903,903,Amherstburg,2024-04-12,42.101309,-83.1086801,25.1,12.9,0.0,clima_actual_usado
904,904,Kuala Terengganu,2024-12-25,5.3296461,103.1383265,34.1,24.6,3.9,clima_actual_usado
905,905,Kórnik,2024-06-03,52.2492751,17.0901242,24.0,14.9,18.8,clima_actual_usado
906,906,Dongchuan,2024-11-21,26.086128,103.1854548,24.0,18.4,13.8,clima_actual_usado
907,907,Corpus,2024-06-02,27.7635302,-97.4033191,35.4,26.4,0.0,clima_actual_usado
908,908,Alua,2024-03-27,-13.9213047,39.9117431,26.4,15.6,0.0,clima_actual_usado
909,909,Podgorenskiy,2024-03-27,50.403614,39.638832,29.3,19.9,0.0,clima_actual_usado
910,910,Bogotá,2024-03-23,4.653384,-74.0836332,18.1,11.5,0.3,clima_actual_usado
911,911,Gjilan,2024-07-13,42.463515,21.4693599,31.7,15.5,0.0,clima_actual_usado
912,912,Gaolong,2024-05-10,26.9511831,113.7856875,33.9,26.2,0.1,clima_actual_usado
913,913,Chandler,2024-04-22,33.3062031,-111.841185,44.2,30.1,0.0,clima_actual_usado
914,914,Salt Lake City,2024-01-08,40.7596198,-111.886797,33.2,18.6,0.0,clima_actual_usado
915,915,Macau,2024-08-16,22.1899448,113.5380454,29.4,27.6,25.3,clima_actual_usado
916,916,Otok,2024-11-23,43.68733,16.7335077,31.5,14.0,0.0,clima_actual_usado
917,917,Point Pedro,2024-12-15,9.8241007,80.2361837,33.4,27.0,1.3,clima_actual_usado
918,918,Buenavista,2024-01-24,40.7672996,-5.6112011,32.5,14.7,0.4,clima_actual_usado
919,919,Firmat,2024-01-02,-33.4581071,-61.4860292,18.2,8.4,0.0,clima_actual_usado
920,920,Kista,2024-10-13,48.5139697,21.7187205,28.9,16.2,0.0,clima_actual_usado
921,921,Valladolid,2024-02-03,41.6521807,-4.728605,33.0,15.4,0.0,clima_actual_usado
922,922,Monte da Chaminé,2024-09-15,38.6409709,-7.9281709,36.7,16.3,0.0,clima_actual_usado
923,923,Aripuanã,2024-03-01,-10.175806,-59.4439663,29.6,21.6,0.7,clima_actual_usado
924,924,Bogotá,2024-06-15,4.653384,-74.0836332,18.1,11.5,0.3,clima_actual_usado
925,925,Agraharam,2024-06-10,13.0368815,80.0937909,35.6,26.2,3.6,clima_actual_usado
926,926,Bogotá,2024-02-16,4.653384,-74.0836332,18.1,11.5,0.3,clima_actual_usado
927,927,Povedniki,2024-11-29,55.9769343,37.6084193,22.2,15.5,1.6,clima_actual_usado
928,928,Wolong,2024-01-29,32.9893246,112.5200606,36.1,27.1,0.0,clima_actual_usado
929,929,Bogotá,2024-03-27,4.653384,-74.0836332,18.1,11.5,0.3,clima_actual_usado
930,930,Stockholm,2024-10-16,59.3251172,18.0710935,23.1,16.7,0.0,clima_actual_usado
931,931,Iparia,2024-05-28,-8.9502289,-74.6840053,32.3,20.1,0.0,clima_actual_usado
932,932,Guinabsan,2024-02-24,8.9066157,125.4022729,34.4,26.9,0.1,clima_actual_usado
933,933,Qamdo,2024-02-11,31.1434873,97.1712342,22.3,12.4,0.3,clima_actual_usado
934,934,Bogotá,2024-02-18,4.653384,-74.0836332,18.1,11.5,0.3,clima_actual_usado
935,935,Baguio,2024-12-10,16.4119905,120.5933719,24.1,16.4,0.5,clima_actual_usado
936,936,Zīrakī,2024-06-18,56.8987236,24.0600531,24.6,14.7,1.1,clima_actual_usado
937,937,Stockholm,2024-06-01,59.3251172,18.0710935,23.1,16.7,0.0,clima_actual_usado
938,938,Zaklików,2024-07-12,50.7554368,22.1020214,24.6,15.3,0.0,clima_actual_usado
939,939,Bogotá,2024-02-23,4.653384,-74.0836332,18.1,11.5,0.3,clima_actual_usado
940,940,Guaíra,2024-01-20,-24.0851924,-54.2567519,30.4,19.0,0.0,clima_actual_usado
941,941,Perivóli,2024-05-15,39.4202586,20.0148258,28.8,22.7,0.0,clima_actual_usado
942,942,Agen,2024-12-29,44.2015827,0.6176112,26.0,13.7,0.0,clima_actual_usado
943,943,Wawrzeńczyce,2024-06-18,50.9324652,21.0890786,21.8,13.6,7.1,clima_actual_usado
944,944,Kalenderovci Donji,2024-07-25,44.9464549,17.8375158,30.3,14.8,0.0,clima_actual_usado
945,945,Bezons,2024-12-25,48.9250016,2.2105491,21.6,14.0,0.0,clima_actual_usado
946,946,Gostyń,2024-01-09,51.8778633,17.0167637,24.0,14.8,25.9,clima_actual_usado
947,947,San José de Bocay,2024-09-25,14.0401239,-85.0845728,30.2,22.6,1.6,clima_actual_usado
948,948,Zhuangbian,2024-05-24,25.6360832,118.9755986,27.7,24.4,43.2,clima_actual_usado
949,949,Wrocław,2024-08-03,51.1089776,17.0326689,24.5,14.6,15.6,clima_actual_usado
950,950,Ambato,2024-11-21,-1.2422413,-78.6287594,9.8,6.3,0.0,clima_actual_usado
951,951,Junshan,2024-01-07,29.4642866,113.0009667,35.8,29.5,0.0,clima_actual_usado
952,952,Bogotá,2024-09-08,4.653384,-74.0836332,18.1,11.5,0.3,clima_actual_usado
953,953,Hässelby,2024-06-03,59.8813945,17.5548257,23.9,16.2,0.1,clima_actual_usado
954,954,Bogotá,2024-10-29,4.653384,-74.0836332,18.1,11.5,0.3,clima_actual_usado
955,955,Nanbao,2024-07-16,36.5561539,114.5133573,36.9,27.8,0.0,clima_actual_usado
956,956,Kaset Sombun,2024-04-26,16.2798509,101.9526501,35.5,27.0,0.4,clima_actual_usado
957,957,Niujiang,2024-11-05,22.379311,112.387173,26.9,25.3,15.5,clima_actual_usado
958,958,Dana,2024-11-27,40.9576907,-88.9505694,25.1,13.1,0.0,clima_actual_usado
959,959,Bogotá,2024-05-05,4.653384,-74.0836332,18.1,11.5,0.3,clima_actual_usado
960,960,Liudu,2024-03-06,35.8445792,117.6149378,34.1,25.4,0.1,clima_actual_usado
961,961,Bailang,2024-03-30,1.5249035,124.8505287,34.9,28.3,0.8,clima_actual_usado
962,962,Qingyang,2024-12-22,35.7106146,107.6384287,32.4,22.7,0.0,clima_actual_usado
963,963,Coaticook,2024-05-07,45.1334169,-71.803479,23.7,6.7,0.3,clima_actual_usado
964,964,Bogotá,2024-01-25,4.653384,-74.0836332,18.1,11.5,0.3,clima_actual_usado
965,965,Telč,2024-07-12,49.1847652,15.4524773,21.5,10.7,24.6,clima_actual_usado
966,966,Masaguisi,2024-04-26,13.4092522,122.094791,30.6,28.1,0.1,clima_actual_usado
967,967,Yurkivka,2024-08-12,49.323649,30.0932283,26.8,17.0,0.0,clima_actual_usado
968,968,Koppies,2024-09-21,-27.2428003,27.5741018,17.8,3.0,0.0,clima_actual_usado
969,969,Bachaquero,2024-08-04,9.9643675,-71.1228619,31.0,29.0,0.1,clima_actual_usado
970,970,Bŭka,2024-05-04,52.357408,16.5166799,23.4,13.9,6.0,clima_actual_usado
971,971,Karangtanjung,2024-08-26,-6.3123852,107.4483493,34.1,23.7,0.0,clima_actual_usado
972,972,Tangerang,2024-02-28,-6.1761924,106.6382161,33.8,24.3,0.0,clima_actual_usado
973,973,Bogotá,2024-06-19,4.653384,-74.0836332,18.1,11.5,0.3,clima_actual_usado
974,974,Santa Cecília,2024-03-24,-26.9658952,-50.4182571,21.7,9.0,0.7,clima_actual_usado
975,975,Tây Đằng,2024-05-27,21.1983797,105.4202841,37.3,28.7,0.0,clima_actual_usado
976,976,Ngeni,2024-10-20,-8.2684942,112.2109108,28.6,23.7,0.2,clima_actual_usado
977,977,Bouças,2024-11-17,41.1857158,-8.6753647,20.9,15.9,0.0,clima_actual_usado
978,978,Tchintabaraden,2024-12-26,15.8982622,5.8036112,35.0,25.2,0.8,clima_actual_usado
979,979,Chunjing,2024-05-18,28.8886988,105.4005353,40.5,29.2,0.0,clima_actual_usado
980,980,Bogotá,2024-09-02,4.653384,-74.0836332,18.1,11.5,0.3,clima_actual_usado
981,981,Hejiang,2024-08-04,28.8146228,105.8276796,40.3,27.7,0.0,clima_actual_usado
982,982,Gulong,2024-04-16,26.8401,108.084,32.0,22.8,0.0,clima_actual_usado
983,983,Górki,2024-06-10,54.3107116,21.3504416,24.1,15.2,0.2,clima_actual_usado
984,984,Nagareyama,2024-11-08,35.8555836,139.9027815,33.0,25.0,0.6,clima_actual_usado
985,985,Sandefjord,2024-02-07,59.0799004,10.2804322,19.8,16.6,17.2,clima_actual_usado
986,986,Saint Petersburg,2024-01-31,27.7700475,-82.6359078,31.1,25.7,0.0,clima_actual_usado
987,987,Kiryū,2024-03-09,36.4057374,139.3308366,35.4,24.6,0.5,clima_actual_usado
988,988,La Plata,2024-03-15,-34.9206797,-57.9537638,18.5,11.1,0.0,clima_actual_usado
989,989,Sarrat,2024-09-23,18.1568444,120.6443463,30.7,27.8,1.5,clima_actual_usado
990,990,Castelo,2024-10-06,-20.6022098,-41.2032124,26.2,11.3,0.0,clima_actual_usado
991,991,Bromma,2024-08-06,59.339769,17.9395411,23.6,16.3,0.0,clima_actual_usado
992,992,Yeghegnut,2024-02-18,40.0912047,44.1554403,39.9,23.9,0.1,clima_actual_usado
993,993,Duwe,2024-01-26,-8.5852439,119.8860287,28.7,27.1,0.0,clima_actual_usado
994,994,Lubango,2024-04-04,-14.9195617,13.4897509,23.1,10.8,0.0,clima_actual_usado
995,995,Montecillo,2024-05-16,42.7749913,-3.9754737,23.9,11.1,0.0,clima_actual_usado
996,996,Luozhuang,2024-11-01,34.9976234,118.279238,32.7,25.1,0.0,clima_actual_usado
997,997,Itapaci,2024-07-31,-14.9522349,-49.5511221,30.7,18.0,0.0,clima_actual_usado
998,998,Saint-Flour,2024-11-03,45.7084425,3.5026164,19.0,9.1,0.0,clima_actual_usado
999,999,Bogotá,2024-10-10,4.653384,-74.0836332,18.1,11.5,0.3,clima_actual_usado
1000,1000,Longhuashan,2024-07-22,30.3719681,113.4550595,36.8,27.4,0.0,clima_actual_usado
